BDM编码,岗位编码,ExternalId
20968,BJ131011001,BJ131011001BJ131011001
2157,BJ131011001,BJ131011001BJ131011001
2230,BJ131011001,BJ131011001BJ131011001
1987,BJ131011001,BJ131011001BJ131011001
1765,BJ131011002,BJ131011002BJ131011002
2056,BJ131011002,BJ131011002BJ131011002
2222,BJ131011002,BJ131011002BJ131011002
1967,BJ131011003,BJ131011003BJ131011003
2189,BJ131011003,BJ131011003BJ131011003
2248,BJ131011003,BJ131011003BJ131011003
1969,BJ131011003,BJ131011003BJ131011003
2046,BJ131011003,BJ131011003BJ131011003
2176,BJ131011004,BJ131011004BJ131011004
2216,BJ131011004,BJ131011004BJ131011004
2217,BJ131011004,BJ131011004BJ131011004
1985,BJ131011005,BJ131011005BJ131011005
1989,BJ131011005,BJ131011005BJ131011005
2214,BJ131011005,BJ131011005BJ131011005
2215,BJ131011005,BJ131011005BJ131011005
1798,BJ131011006,BJ131011006BJ131011006
21010,BJ131011006,BJ131011006BJ131011006
20987,BJ131011006,BJ131011006BJ131011006
20973,BJ131011006,BJ131011006BJ131011006
20970,BJ131011007,BJ131011007BJ131011007
2195,BJ131011007,BJ131011007BJ131011007
2249,BJ131011007,BJ131011007BJ131011007
12891,NM131011008,NM131011008NM131011008
12896,NM131011008,NM131011008NM131011008
13128,NM131011008,NM131011008NM131011008
13129,NM131011008,NM131011008NM131011008
13130,NM131011008,NM131011008NM131011008
13016,NM131011008,NM131011008NM131011008
23400,NM131011008,NM131011008NM131011008
21111,BJ131011008,BJ131011008BJ131011008
1975,BJ131011008,BJ131011008BJ131011008
2212,BJ131011008,BJ131011008BJ131011008
2028,BJ131011009,BJ131011009BJ131011009
2259,BJ131011009,BJ131011009BJ131011009
1832,BJ131011009,BJ131011009BJ131011009
2194,BJ131011010,BJ131011010BJ131011010
2177,BJ131011010,BJ131011010BJ131011010
1803,BJ131011010,BJ131011010BJ131011010
2145,BJ131011010,BJ131011010BJ131011010
1841,BJ131011010,BJ131011010BJ131011010
20974,BJ131011011,BJ131011011BJ131011011
2069,BJ131011011,BJ131011011BJ131011011
2071,BJ131011011,BJ131011011BJ131011011
2072,BJ131011011,BJ131011011BJ131011011
2137,BJ131011011,BJ131011011BJ131011011
1948,BJ131011012,BJ131011012BJ131011012
2043,BJ131011012,BJ131011012BJ131011012
2042,BJ131011012,BJ131011012BJ131011012
2202,BJ131011012,BJ131011012BJ131011012
1771,BJ131011013,BJ131011013BJ131011013
2211,BJ131011013,BJ131011013BJ131011013
2175,BJ131011013,BJ131011013BJ131011013
21102,BJ131011014,BJ131011014BJ131011014
1943,BJ131011014,BJ131011014BJ131011014
2009,BJ131011014,BJ131011014BJ131011014
20985,BJ131011014,BJ131011014BJ131011014
2199,BJ131011015,BJ131011015BJ131011015
2252,BJ131011015,BJ131011015BJ131011015
2011,BJ131011015,BJ131011015BJ131011015
24332,BJ131011015,BJ131011015BJ131011015
1761,BJ131011016,BJ131011016BJ131011016
2084,BJ131011016,BJ131011016BJ131011016
1907,BJ131011016,BJ131011016BJ131011016
1764,BJ131011017,BJ131011017BJ131011017
1939,BJ131011017,BJ131011017BJ131011017
2048,BJ131011017,BJ131011017BJ131011017
1940,BJ131011017,BJ131011017BJ131011017
2030,BJ131011018,BJ131011018BJ131011018
1762,BJ131011018,BJ131011018BJ131011018
1974,BJ131011018,BJ131011018BJ131011018
1858,BJ131011018,BJ131011018BJ131011018
20988,BJ131011019,BJ131011019BJ131011019
21011,BJ131011019,BJ131011019BJ131011019
2247,BJ131011019,BJ131011019BJ131011019
2076,BJ131011019,BJ131011019BJ131011019
2014,BJ131011020,BJ131011020BJ131011020
2015,BJ131011020,BJ131011020BJ131011020
2219,BJ131011020,BJ131011020BJ131011020
2017,BJ131011020,BJ131011020BJ131011020
20971,BJ131011020,BJ131011020BJ131011020
1767,BJ131011021,BJ131011021BJ131011021
1927,BJ131011021,BJ131011021BJ131011021
2045,BJ131011021,BJ131011021BJ131011021
20990,BJ131011017,BJ131011017BJ131011017
2087,BJ131011022,BJ131011022BJ131011022
20989,BJ131011022,BJ131011022BJ131011022
20991,BJ131011022,BJ131011022BJ131011022
2226,BJ131011022,BJ131011022BJ131011022
1763,BJ131011023,BJ131011023BJ131011023
20969,BJ131011023,BJ131011023BJ131011023
21103,BJ131011023,BJ131011023BJ131011023
21117,BJ131011023,BJ131011023BJ131011023
1878,BJ131011023,BJ131011023BJ131011023
29807,BJ131011021,BJ131011021BJ131011021
2090,BJ131011024,BJ131011024BJ131011024
2205,BJ131011024,BJ131011024BJ131011024
2220,BJ131011024,BJ131011024BJ131011024
2254,BJ131011024,BJ131011024BJ131011024
2024,BJ131011025,BJ131011025BJ131011025
1996,BJ131011025,BJ131011025BJ131011025
2218,BJ131011025,BJ131011025BJ131011025
2234,BJ131011025,BJ131011025BJ131011025
1774,BJ131011026,BJ131011026BJ131011026
2018,BJ131011026,BJ131011026BJ131011026
2221,BJ131011026,BJ131011026BJ131011026
2250,BJ131011026,BJ131011026BJ131011026
2201,BJ131011027,BJ131011027BJ131011027
2181,BJ131011027,BJ131011027BJ131011027
2035,BJ131011027,BJ131011027BJ131011027
20975,BJ131011027,BJ131011027BJ131011027
1956,BJ131011028,BJ131011028BJ131011028
2061,BJ131011028,BJ131011028BJ131011028
2062,BJ131011028,BJ131011028BJ131011028
2007,BJ131011028,BJ131011028BJ131011028
2089,BJ131011028,BJ131011028BJ131011028
1990,BJ131011029,BJ131011029BJ131011029
2143,BJ131011029,BJ131011029BJ131011029
2178,BJ131011029,BJ131011029BJ131011029
1966,BJ131011029,BJ131011029BJ131011029
2231,BJ131011029,BJ131011029BJ131011029
2096,BJ131011030,BJ131011030BJ131011030
2255,BJ131011030,BJ131011030BJ131011030
20986,BJ131011030,BJ131011030BJ131011030
1822,BJ131011030,BJ131011030BJ131011030
2091,BJ131011031,BJ131011031BJ131011031
1820,BJ131011031,BJ131011031BJ131011031
1995,BJ131011031,BJ131011031BJ131011031
21009,BJ131011031,BJ131011031BJ131011031
5475,EB131011001,EB131011001EB131011001
21122,EB131011001,EB131011001EB131011001
5891,EB131011001,EB131011001EB131011001
5900,EB131011001,EB131011001EB131011001
5901,EB131011001,EB131011001EB131011001
5877,EB131011001,EB131011001EB131011001
5446,EB131011002,EB131011002EB131011002
5473,EB131011002,EB131011002EB131011002
5172,EB131011002,EB131011002EB131011002
20992,EB131011002,EB131011002EB131011002
5419,EB131011002,EB131011002EB131011002
5173,EB131011002,EB131011002EB131011002
5456,EB131011003,EB131011003EB131011003
5463,EB131011003,EB131011003EB131011003
5476,EB131011003,EB131011003EB131011003
20994,EB131011003,EB131011003EB131011003
5501,EB131011004,EB131011004EB131011004
5477,EB131011004,EB131011004EB131011004
6207,EB131011004,EB131011004EB131011004
5888,EB131011004,EB131011004EB131011004
5435,EB131011004,EB131011004EB131011004
5496,EB131011004,EB131011004EB131011004
6115,EB131011005,EB131011005EB131011005
5383,EB131011005,EB131011005EB131011005
5399,EB131011005,EB131011005EB131011005
5422,EB131011005,EB131011005EB131011005
5398,EB131011005,EB131011005EB131011005
5400,EB131011005,EB131011005EB131011005
5283,EB131011005,EB131011005EB131011005
15420,SX131011001,SX131011001SX131011001
15432,SX131011001,SX131011001SX131011001
15585,SX131011001,SX131011001SX131011001
15729,SX131011001,SX131011001SX131011001
15739,SX131011001,SX131011001SX131011001
15143,SX131011001,SX131011001SX131011001
15393,SX131011001,SX131011001SX131011001
15434,SX131011002,SX131011002SX131011002
15389,SX131011002,SX131011002SX131011002
15690,SX131011002,SX131011002SX131011002
20996,SX131011002,SX131011002SX131011002
15364,SX131011002,SX131011002SX131011002
15419,SX131011002,SX131011002SX131011002
14919,SX131011003,SX131011003SX131011003
14917,SX131011003,SX131011003SX131011003
20997,SX131011003,SX131011003SX131011003
15514,SX131011003,SX131011003SX131011003
15302,SX131011003,SX131011003SX131011003
15326,SX131011003,SX131011003SX131011003
15403,SX131011003,SX131011003SX131011003
14906,SX131011003,SX131011003SX131011003
5168,EB131011002,EB131011002EB131011002
5167,EB131011003,EB131011003EB131011003
5166,EB131011003,EB131011003EB131011003
15369,SX131011002,SX131011002SX131011002
14864,SX131011001,SX131011001SX131011001
15189,SX131011002,SX131011002SX131011002
5262,EB131011003,EB131011003EB131011003
18276,TJ131011001,TJ131011001TJ131011001
18325,TJ131011006,TJ131011006TJ131011006
18338,TJ131011001,TJ131011001TJ131011001
18356,TJ131011001,TJ131011001TJ131011001
18256,TJ131011001,TJ131011001TJ131011001
18395,TJ131011001,TJ131011001TJ131011001
18343,TJ131011002,TJ131011002TJ131011002
18351,TJ131011002,TJ131011002TJ131011002
18361,TJ131011003,TJ131011003TJ131011003
18319,TJ131011002,TJ131011002TJ131011002
18344,TJ131011002,TJ131011002TJ131011002
18349,TJ131011002,TJ131011002TJ131011002
18328,TJ131011003,TJ131011003TJ131011003
18260,TJ131011003,TJ131011003TJ131011003
20977,TJ131011007,TJ131011007TJ131011007
18274,TJ131011003,TJ131011003TJ131011003
18261,TJ131011004,TJ131011004TJ131011004
5602,TJ131011004,TJ131011004TJ131011004
6218,TJ131011004,TJ131011004TJ131011004
20978,TJ131011006,TJ131011006TJ131011006
18251,TJ131011004,TJ131011004TJ131011004
21108,TJ131011004,TJ131011004TJ131011004
5199,TJ131011005,TJ131011005TJ131011005
5203,TJ131011005,TJ131011005TJ131011005
18264,TJ131011005,TJ131011005TJ131011005
18362,TJ131011003,TJ131011003TJ131011003
20981,TJ131011005,TJ131011005TJ131011005
18390,TJ131011005,TJ131011005TJ131011005
18311,TJ131011006,TJ131011006TJ131011006
18365,TJ131011001,TJ131011001TJ131011001
18304,TJ131011004,TJ131011004TJ131011004
18381,TJ131011006,TJ131011006TJ131011006
20976,TJ131011005,TJ131011005TJ131011005
18272,TJ131011006,TJ131011006TJ131011006
18162,TJ131011007,TJ131011007TJ131011007
18262,TJ131011007,TJ131011007TJ131011007
18329,TJ131011007,TJ131011007TJ131011007
18259,TJ131011002,TJ131011002TJ131011002
18265,TJ131011007,TJ131011007TJ131011007
18183,TJ131011007,TJ131011007TJ131011007
5963,TJ131011008,TJ131011008TJ131011008
5739,TJ131011008,TJ131011008TJ131011008
5743,TJ131011008,TJ131011008TJ131011008
5984,TJ131011008,TJ131011008TJ131011008
5569,TJ131011008,TJ131011008TJ131011008
5511,TJ131011008,TJ131011008TJ131011008
18308,TJ131011003,TJ131011003TJ131011003
18236,TJ131011003,TJ131011003TJ131011003
12610,LN131011004,LN131011004LN131011004
12611,LN131011001,LN131011001LN131011001
12627,LN131011001,LN131011001LN131011001
12003,LN131011001,LN131011001LN131011001
12026,LN131011001,LN131011001LN131011001
21056,LN131011001,LN131011001LN131011001
12689,LN131011002,LN131011002LN131011002
21055,LN131011002,LN131011002LN131011002
12809,LN131011002,LN131011002LN131011002
12810,LN131011002,LN131011002LN131011002
12459,LN131011002,LN131011002LN131011002
12245,LN131011003,LN131011003LN131011003
12811,LN131011003,LN131011003LN131011003
12233,LN131011003,LN131011003LN131011003
12808,LN131011003,LN131011003LN131011003
21049,LN131011003,LN131011003LN131011003
12246,LN131011003,LN131011003LN131011003
12718,LN131011004,LN131011004LN131011004
12435,LN131011004,LN131011004LN131011004
12445,LN131011004,LN131011004LN131011004
12453,LN131011004,LN131011004LN131011004
12564,LN131011001,LN131011001LN131011001
12672,LN131011005,LN131011005LN131011005
12612,LN131011005,LN131011005LN131011005
23875,LN131011005,LN131011005LN131011005
12675,LN131011003,LN131011003LN131011003
12264,LN131011007,LN131011007LN131011007
12286,LN131011007,LN131011007LN131011007
11940,LN131011005,LN131011005LN131011005
11971,LN131011005,LN131011005LN131011005
11987,LN131011005,LN131011005LN131011005
24882,LN131011005,LN131011005LN131011005
12483,LN131011006,LN131011006LN131011006
21273,LN131011006,LN131011006LN131011006
12633,LN131011006,LN131011006LN131011006
12405,LN131011006,LN131011006LN131011006
12563,LN131011001,LN131011001LN131011001
12688,LN131011006,LN131011006LN131011006
12338,LN131011007,LN131011007LN131011007
12373,LN131011007,LN131011007LN131011007
12457,LN131011007,LN131011007LN131011007
12456,LN131011007,LN131011007LN131011007
12536,LN131011007,LN131011007LN131011007
7988,HL131011001,HL131011001HL131011001
8012,HL131011001,HL131011001HL131011001
7661,HL131011001,HL131011001HL131011001
7708,HL131011001,HL131011001HL131011001
8069,HL131011002,HL131011002HL131011002
8071,HL131011002,HL131011002HL131011002
7904,HL131011002,HL131011002HL131011002
7655,HL131011002,HL131011002HL131011002
8090,HL131011002,HL131011002HL131011002
21276,HL131011002,HL131011002HL131011002
7693,HL131011003,HL131011003HL131011003
7667,HL131011003,HL131011003HL131011003
7710,HL131011003,HL131011003HL131011003
7862,HL131011004,HL131011004HL131011004
7711,HL131011004,HL131011004HL131011004
7590,HL131011004,HL131011004HL131011004
7949,HL131011004,HL131011004HL131011004
7970,HL131011004,HL131011004HL131011004
21040,HL131011003,HL131011003HL131011003
7658,HL131011006,HL131011006HL131011006
7496,HL131011005,HL131011005HL131011005
7503,HL131011005,HL131011005HL131011005
7519,HL131011005,HL131011005HL131011005
7515,HL131011005,HL131011005HL131011005
7896,HL131011006,HL131011006HL131011006
7657,HL131011006,HL131011006HL131011006
7733,HL131011006,HL131011006HL131011006
7748,HL131011006,HL131011006HL131011006
7454,HL131011006,HL131011006HL131011006
8240,HL131011003,HL131011003HL131011003
21054,JL131011002,JL131011002JL131011002
21268,JL131011002,JL131011002JL131011002
9919,JL131011003,JL131011003JL131011003
10306,JL131011002,JL131011002JL131011002
10235,JL131011004,JL131011004JL131011004
10255,JL131011001,JL131011001JL131011001
10257,JL131011001,JL131011001JL131011001
9821,JL131011003,JL131011003JL131011003
9859,JL131011003,JL131011003JL131011003
10320,JL131011003,JL131011003JL131011003
9722,JL131011004,JL131011004JL131011004
12588,LN131011002,LN131011002LN131011002
27856,LN131011002,LN131011002LN131011002
12709,LN131011004,LN131011004LN131011004
12601,LN131011001,LN131011001LN131011001
12471,LN131011006,LN131011006LN131011006
12045,LN131011007,LN131011007LN131011007
12225,LN131011003,LN131011003LN131011003
12146,LN131011008,LN131011008LN131011008
12111,LN131011008,LN131011008LN131011008
12064,LN131011008,LN131011008LN131011008
12724,LN131011008,LN131011008LN131011008
12727,LN131011008,LN131011008LN131011008
12112,LN131011008,LN131011008LN131011008
12139,LN131011009,LN131011009LN131011009
12173,LN131011009,LN131011009LN131011009
12186,LN131011009,LN131011009LN131011009
12187,LN131011009,LN131011009LN131011009
21052,LN131011009,LN131011009LN131011009
12137,LN131011011,LN131011011LN131011011
12066,LN131011011,LN131011011LN131011011
12140,LN131011012,LN131011012LN131011012
12546,LN131011010,LN131011010LN131011010
21050,LN131011010,LN131011010LN131011010
12145,LN131011010,LN131011010LN131011010
12107,LN131011012,LN131011012LN131011012
12113,LN131011012,LN131011012LN131011012
21051,LN131011010,LN131011010LN131011010
12115,LN131011009,LN131011009LN131011009
12127,LN131011010,LN131011010LN131011010
12132,LN131011012,LN131011012LN131011012
12133,LN131011012,LN131011012LN131011012
12792,LN131011011,LN131011011LN131011011
12793,LN131011011,LN131011011LN131011011
12531,LN131011007,LN131011007LN131011007
12404,LN131011007,LN131011007LN131011007
12538,LN131011007,LN131011007LN131011007
12820,LN131011010,LN131011010LN131011010
12124,LN131011009,LN131011009LN131011009
12126,LN131011009,LN131011009LN131011009
10075,JL131011002,JL131011002JL131011002
10066,JL131011002,JL131011002JL131011002
10005,JL131011002,JL131011002JL131011002
9927,JL131011001,JL131011001JL131011001
9969,JL131011001,JL131011001JL131011001
21270,JL131011002,JL131011002JL131011002
21263,JL131011004,JL131011004JL131011004
9921,JL131011004,JL131011004JL131011004
9825,JL131011003,JL131011003JL131011003
10231,JL131011003,JL131011003JL131011003
10309,JL131011004,JL131011004JL131011004
9971,JL131011003,JL131011003JL131011003
21053,JL131011001,JL131011001JL131011001
9985,JL131011004,JL131011004JL131011004
9742,JL131011002,JL131011002JL131011002
9922,JL131011004,JL131011004JL131011004
8214,HL131011001,HL131011001HL131011001
8226,HL131011001,HL131011001HL131011001
8151,HL131011005,HL131011005HL131011005
8149,HL131011005,HL131011005HL131011005
8170,HL131011005,HL131011005HL131011005
8302,HL131011004,HL131011004HL131011004
8013,HL131011001,HL131011001HL131011001
16940,SH131011001,SH131011001SH131011001
16879,SH131011001,SH131011001SH131011001
16836,SH131011001,SH131011001SH131011001
16753,SH131011001,SH131011001SH131011001
16883,SH131011001,SH131011001SH131011001
23326,SH131011002,SH131011002SH131011002
16751,SH131011002,SH131011002SH131011002
Temp002,SH131011002,SH131011002SH131011002
Temp003,SH131011002,SH131011002SH131011002
16712,SH131011003,SH131011003SH131011003
16714,SH131011003,SH131011003SH131011003
16766,SH131011003,SH131011003SH131011003
16982,SH131011004,SH131011004SH131011004
16943,SH131011004,SH131011004SH131011004
Temp001,SH131011004,SH131011004SH131011004
16983,SH131011004,SH131011004SH131011004
16941,SH131011005,SH131011005SH131011005
16975,SH131011005,SH131011005SH131011005
16715,SH131011005,SH131011005SH131011005
16755,SH131011005,SH131011005SH131011005
16781,SH131011005,SH131011005SH131011005
16756,SH131011006,SH131011006SH131011006
16757,SH131011006,SH131011006SH131011006
16748,SH131011006,SH131011006SH131011006
Temp004,SH131011006,SH131011006SH131011006
16955,SH131011007,SH131011007SH131011007
16996,SH131011007,SH131011007SH131011007
16884,SH131011007,SH131011007SH131011007
16995,SH131011007,SH131011007SH131011007
16710,SH131011008,SH131011008SH131011008
16881,SH131011008,SH131011008SH131011008
16882,SH131011008,SH131011008SH131011008
16725,SH131011008,SH131011008SH131011008
16741,SH131011009,SH131011009SH131011009
16885,SH131011009,SH131011009SH131011009
23356,SH131011009,SH131011009SH131011009
16740,SH131011009,SH131011009SH131011009
16711,SH131011010,SH131011010SH131011010
16938,SH131011010,SH131011010SH131011010
16886,SH131011010,SH131011010SH131011010
16876,SH131011011,SH131011011SH131011011
16963,SH131011011,SH131011011SH131011011
16834,SH131011011,SH131011011SH131011011
16713,SH131011012,SH131011012SH131011012
21089,SH131011012,SH131011012SH131011012
16875,SH131011012,SH131011012SH131011012
16990,SH131011012,SH131011012SH131011012
30922,SH131011012,SH131011012SH131011012
16708,SH131011013,SH131011013SH131011013
16918,SH131011013,SH131011013SH131011013
Temp005,SH131011013,SH131011013SH131011013
21092,SH131011013,SH131011013SH131011013
16717,SH131011014,SH131011014SH131011014
30205,SH131011014,SH131011014SH131011014
21333,SH131011014,SH131011014SH131011014
16880,SH131011015,SH131011015SH131011015
21316,SH131011015,SH131011015SH131011015
16908,SH131011015,SH131011015SH131011015
16907,SH131011015,SH131011015SH131011015
16831,SH131011016,SH131011016SH131011016
16832,SH131011016,SH131011016SH131011016
16722,SH131011016,SH131011016SH131011016
16721,SH131011016,SH131011016SH131011016
Temp006,SH131011016,SH131011016SH131011016
16827,SH131011017,SH131011017SH131011017
16910,SH131011018,SH131011018SH131011018
21086,SH131011018,SH131011018SH131011018
16888,SH131011018,SH131011018SH131011018
16892,SH131011017,SH131011017SH131011017
16897,SH131011017,SH131011017SH131011017
21340,SH131011018,SH131011018SH131011018
21093,SH131011019,SH131011019SH131011019
16949,SH131011019,SH131011019SH131011019
16950,SH131011019,SH131011019SH131011019
16891,SH131011019,SH131011019SH131011019
21087,SH131011020,SH131011020SH131011020
16925,SH131011020,SH131011020SH131011020
16759,SH131011020,SH131011020SH131011020
16954,SH131011021,SH131011021SH131011021
16984,SH131011021,SH131011021SH131011021
16761,SH131011021,SH131011021SH131011021
16856,SH131011021,SH131011021SH131011021
16828,SH131011022,SH131011022SH131011022
16981,SH131011022,SH131011022SH131011022
16792,SH131011022,SH131011022SH131011022
16887,SH131011022,SH131011022SH131011022
16701,SH131011023,SH131011023SH131011023
16867,SH131011023,SH131011023SH131011023
16830,SH131011023,SH131011023SH131011023
23387,SH131011023,SH131011023SH131011023
20534,ZJ131011001,ZJ131011001ZJ131011001
20022,ZJ131011001,ZJ131011001ZJ131011001
30326,ZJ131011001,ZJ131011001ZJ131011001
20540,ZJ131011002,ZJ131011002ZJ131011002
20151,ZJ131011002,ZJ131011002ZJ131011002
19978,ZJ131011002,ZJ131011002ZJ131011002
20071,ZJ131011002,ZJ131011002ZJ131011002
20078,ZJ131011003,ZJ131011003ZJ131011003
20080,ZJ131011003,ZJ131011003ZJ131011003
20577,ZJ131011003,ZJ131011003ZJ131011003
20481,ZJ131011003,ZJ131011003ZJ131011003
20482,ZJ131011003,ZJ131011003ZJ131011003
20558,ZJ131011004,ZJ131011004ZJ131011004
20578,ZJ131011004,ZJ131011004ZJ131011004
21079,ZJ131011005,ZJ131011005ZJ131011005
20064,ZJ131011004,ZJ131011004ZJ131011004
21080,ZJ131011005,ZJ131011005ZJ131011005
20404,ZJ131011004,ZJ131011004ZJ131011004
20571,ZJ131011005,ZJ131011005ZJ131011005
20140,ZJ131011006,ZJ131011006ZJ131011006
20553,ZJ131011006,ZJ131011006ZJ131011006
20032,ZJ131011006,ZJ131011006ZJ131011006
20139,ZJ131011006,ZJ131011006ZJ131011006
20411,ZJ131011006,ZJ131011006ZJ131011006
20300,ZJ131011006,ZJ131011006ZJ131011006
20584,ZJ131011006,ZJ131011006ZJ131011006
20068,ZJ131011007,ZJ131011007ZJ131011007
20216,ZJ131011010,ZJ131011010ZJ131011010
20081,ZJ131011007,ZJ131011007ZJ131011007
20067,ZJ131011007,ZJ131011007ZJ131011007
20061,ZJ131011008,ZJ131011008ZJ131011008
20572,ZJ131011008,ZJ131011008ZJ131011008
20045,ZJ131011008,ZJ131011008ZJ131011008
20066,ZJ131011009,ZJ131011009ZJ131011009
20535,ZJ131011009,ZJ131011009ZJ131011009
20536,ZJ131011009,ZJ131011009ZJ131011009
20070,ZJ131011007,ZJ131011007ZJ131011007
20084,ZJ131011007,ZJ131011007ZJ131011007
20087,ZJ131011010,ZJ131011010ZJ131011010
20538,ZJ131011010,ZJ131011010ZJ131011010
20554,ZJ131011011,ZJ131011011ZJ131011011
20569,ZJ131011011,ZJ131011011ZJ131011011
20570,ZJ131011011,ZJ131011011ZJ131011011
20065,ZJ131011011,ZJ131011011ZJ131011011
20115,ZJ131011012,ZJ131011012ZJ131011012
20116,ZJ131011012,ZJ131011012ZJ131011012
20124,ZJ131011012,ZJ131011012ZJ131011012
20125,ZJ131011012,ZJ131011012ZJ131011012
22556,ZJ131011012,ZJ131011012ZJ131011012
20120,ZJ131011012,ZJ131011012ZJ131011012
19972,ZJ131011012,ZJ131011012ZJ131011012
19960,ZJ131011012,ZJ131011012ZJ131011012
20001,ZJ131011012,ZJ131011012ZJ131011012
20266,ZJ131011013,ZJ131011013ZJ131011013
20267,ZJ131011013,ZJ131011013ZJ131011013
20259,ZJ131011013,ZJ131011013ZJ131011013
20520,ZJ131011013,ZJ131011013ZJ131011013
20280,ZJ131011014,ZJ131011014ZJ131011014
21081,ZJ131011014,ZJ131011014ZJ131011014
20017,ZJ131011014,ZJ131011014ZJ131011014
20290,ZJ131011014,ZJ131011014ZJ131011014
20284,ZJ131011015,ZJ131011015ZJ131011015
20278,ZJ131011015,ZJ131011015ZJ131011015
19990,ZJ131011015,ZJ131011015ZJ131011015
19987,ZJ131011015,ZJ131011015ZJ131011015
20268,ZJ131011016,ZJ131011016ZJ131011016
20288,ZJ131011017,ZJ131011017ZJ131011017
20476,ZJ131011016,ZJ131011016ZJ131011016
20264,ZJ131011016,ZJ131011016ZJ131011016
20248,ZJ131011017,ZJ131011017ZJ131011017
20274,ZJ131011016,ZJ131011016ZJ131011016
22571,ZJ131011017,ZJ131011017ZJ131011017
20598,ZJ131011017,ZJ131011017ZJ131011017
20357,ZJ131011018,ZJ131011018ZJ131011018
20606,ZJ131011018,ZJ131011018ZJ131011018
20350,ZJ131011018,ZJ131011018ZJ131011018
20362,ZJ131011018,ZJ131011018ZJ131011018
20348,ZJ131011018,ZJ131011018ZJ131011018
20370,ZJ131011018,ZJ131011018ZJ131011018
20173,ZJ131011019,ZJ131011019ZJ131011019
20171,ZJ131011019,ZJ131011019ZJ131011019
20499,ZJ131011019,ZJ131011019ZJ131011019
20009,ZJ131011019,ZJ131011019ZJ131011019
20512,ZJ131011019,ZJ131011019ZJ131011019
20461,ZJ131011020,ZJ131011020ZJ131011020
20450,ZJ131011020,ZJ131011020ZJ131011020
20235,ZJ131011020,ZJ131011020ZJ131011020
19968,ZJ131011020,ZJ131011020ZJ131011020
20460,ZJ131011021,ZJ131011021ZJ131011021
20451,ZJ131011021,ZJ131011021ZJ131011021
20507,ZJ131011021,ZJ131011021ZJ131011021
20011,ZJ131011021,ZJ131011021ZJ131011021
20439,ZJ131011022,ZJ131011022ZJ131011022
21078,ZJ131011022,ZJ131011022ZJ131011022
20201,ZJ131011022,ZJ131011022ZJ131011022
20198,ZJ131011022,ZJ131011022ZJ131011022
20440,ZJ131011023,ZJ131011023ZJ131011023
20467,ZJ131011023,ZJ131011023ZJ131011023
20338,ZJ131011023,ZJ131011023ZJ131011023
20303,ZJ131011023,ZJ131011023ZJ131011023
20565,ZJ131011024,ZJ131011024ZJ131011024
20393,ZJ131011024,ZJ131011024ZJ131011024
20385,ZJ131011024,ZJ131011024ZJ131011024
20379,ZJ131011024,ZJ131011024ZJ131011024
20421,ZJ131011024,ZJ131011024ZJ131011024
20566,ZJ131011024,ZJ131011024ZJ131011024
20210,ZJ131011025,ZJ131011025ZJ131011025
20209,ZJ131011025,ZJ131011025ZJ131011025
20316,ZJ131011025,ZJ131011025ZJ131011025
20181,ZJ131011025,ZJ131011025ZJ131011025
20180,ZJ131011025,ZJ131011025ZJ131011025
20182,ZJ131011025,ZJ131011025ZJ131011025
20162,ZJ131011019,ZJ131011019ZJ131011019
20269,ZJ131011016,ZJ131011016ZJ131011016
20285,ZJ131011017,ZJ131011017ZJ131011017
20516,ZJ131011013,ZJ131011013ZJ131011013
3197,GD131011001,GD131011001GD131011001
3229,GD131011001,GD131011001GD131011001
3314,GD131011001,GD131011001GD131011001
3279,GD131011002,GD131011002GD131011002
3281,GD131011002,GD131011002GD131011002
3282,GD131011002,GD131011002GD131011002
3380,GD131011002,GD131011002GD131011002
3283,GD131011002,GD131011002GD131011002
3381,GD131011002,GD131011002GD131011002
3351,GD131011003,GD131011003GD131011003
3356,GD131011003,GD131011003GD131011003
2984,GD131011001,GD131011001GD131011001
3223,GD131011003,GD131011003GD131011003
2985,GD131011001,GD131011001GD131011001
3144,GD131011003,GD131011003GD131011003
3346,GD131011004,GD131011004GD131011004
3357,GD131011004,GD131011004GD131011004
3367,GD131011004,GD131011004GD131011004
3272,GD131011004,GD131011004GD131011004
3368,GD131011004,GD131011004GD131011004
3143,GD131011005,GD131011005GD131011005
3309,GD131011005,GD131011005GD131011005
3365,GD131011005,GD131011005GD131011005
3366,GD131011005,GD131011005GD131011005
3288,GD131011006,GD131011006GD131011006
23725,GD131011006,GD131011006GD131011006
23458,GD131011006,GD131011006GD131011006
3079,GD131011006,GD131011006GD131011006
3287,GD131011006,GD131011006GD131011006
3299,GD131011006,GD131011006GD131011006
3382,GD131011006,GD131011006GD131011006
3939,GD131011007,GD131011007GD131011007
21013,GD131011008,GD131011008GD131011008
3307,GD131011007,GD131011007GD131011007
3932,GD131011008,GD131011008GD131011008
3933,GD131011008,GD131011008GD131011008
21014,GD131011011,GD131011011GD131011011
3934,GD131011009,GD131011009GD131011009
3456,GD131011009,GD131011009GD131011009
3330,GD131011009,GD131011009GD131011009
3936,GD131011010,GD131011010GD131011010
3982,GD131011009,GD131011009GD131011009
21220,GD131011010,GD131011010GD131011010
3564,GD131011011,GD131011011GD131011011
3561,GD131011011,GD131011011GD131011011
27295,GD131011011,GD131011011GD131011011
3137,GD131011011,GD131011011GD131011011
23828,GD131011012,GD131011012GD131011012
21029,GD131011012,GD131011012GD131011012
3369,GD131011012,GD131011012GD131011012
3241,GD131011012,GD131011012GD131011012
21030,GD131011013,GD131011013GD131011013
3563,GD131011013,GD131011013GD131011013
3576,GD131011013,GD131011013GD131011013
3097,GD131011014,GD131011014GD131011014
3110,GD131011014,GD131011014GD131011014
3119,GD131011015,GD131011015GD131011015
3094,GD131011015,GD131011015GD131011015
3092,GD131011015,GD131011015GD131011015
3566,GD131011016,GD131011016GD131011016
3570,GD131011016,GD131011016GD131011016
3099,GD131011016,GD131011016GD131011016
23900,GD131011016,GD131011016GD131011016
3116,GD131011017,GD131011017GD131011017
21176,GD131011017,GD131011017GD131011017
21177,GD131011017,GD131011017GD131011017
21180,GD131011017,GD131011017GD131011017
21182,GD131011017,GD131011017GD131011017
3785,GD131011017,GD131011017GD131011017
3947,GD131011018,GD131011018GD131011018
3967,GD131011018,GD131011018GD131011018
3978,GD131011018,GD131011018GD131011018
3979,GD131011018,GD131011018GD131011018
3935,GD131011018,GD131011018GD131011018
4001,GD131011018,GD131011018GD131011018
3464,GD131011019,GD131011019GD131011019
3465,GD131011019,GD131011019GD131011019
21219,GD131011019,GD131011019GD131011019
3798,GD131011019,GD131011019GD131011019
3474,GD131011019,GD131011019GD131011019
3409,GD131011019,GD131011019GD131011019
3193,GD131011020,GD131011020GD131011020
3230,GD131011020,GD131011020GD131011020
3910,GD131011020,GD131011020GD131011020
3897,GD131011020,GD131011020GD131011020
3900,GD131011020,GD131011020GD131011020
24951,GD131011020,GD131011020GD131011020
3720,GD131011021,GD131011021GD131011021
3721,GD131011021,GD131011021GD131011021
3724,GD131011021,GD131011021GD131011021
3752,GD131011022,GD131011022GD131011022
3745,GD131011022,GD131011022GD131011022
3748,GD131011022,GD131011022GD131011022
2968,GD131011023,GD131011023GD131011023
3714,GD131011023,GD131011023GD131011023
28486,GD131011023,GD131011023GD131011023
3449,GD131011024,GD131011024GD131011024
3452,GD131011024,GD131011024GD131011024
3016,GD131011024,GD131011024GD131011024
3439,GD131011024,GD131011024GD131011024
3040,GD131011024,GD131011024GD131011024
3047,GD131011024,GD131011024GD131011024
24015,GD131011024,GD131011024GD131011024
3608,GD131011025,GD131011025GD131011025
3621,GD131011025,GD131011025GD131011025
3609,GD131011025,GD131011025GD131011025
3607,GD131011025,GD131011025GD131011025
3637,GD131011025,GD131011025GD131011025
2410,FJ131011001,FJ131011001FJ131011001
2319,FJ131011001,FJ131011001FJ131011001
2480,FJ131011001,FJ131011001FJ131011001
2367,FJ131011001,FJ131011001FJ131011001
2416,FJ131011001,FJ131011001FJ131011001
21044,FJ131011001,FJ131011001FJ131011001
2428,FJ131011002,FJ131011002FJ131011002
2302,FJ131011002,FJ131011002FJ131011002
2277,FJ131011002,FJ131011002FJ131011002
2427,FJ131011002,FJ131011002FJ131011002
2507,FJ131011002,FJ131011002FJ131011002
2355,FJ131011002,FJ131011002FJ131011002
2321,FJ131011003,FJ131011003FJ131011003
21255,FJ131011003,FJ131011003FJ131011003
21033,FJ131011003,FJ131011003FJ131011003
2442,FJ131011003,FJ131011003FJ131011003
Temp008,FJ131011003,FJ131011003FJ131011003
21032,FJ131011004,FJ131011004FJ131011004
2470,FJ131011004,FJ131011004FJ131011004
2467,FJ131011004,FJ131011004FJ131011004
2553,FJ131011004,FJ131011004FJ131011004
2293,FJ131011005,FJ131011005FJ131011005
2344,FJ131011005,FJ131011005FJ131011005
2327,FJ131011005,FJ131011005FJ131011005
2323,FJ131011005,FJ131011005FJ131011005
2317,FJ131011006,FJ131011006FJ131011006
23565,FJ131011006,FJ131011006FJ131011006
21043,FJ131011006,FJ131011006FJ131011006
2287,FJ131011006,FJ131011006FJ131011006
2509,FJ131011007,FJ131011007FJ131011007
2540,FJ131011007,FJ131011007FJ131011007
2512,FJ131011007,FJ131011007FJ131011007
2456,FJ131011008,FJ131011008FJ131011008
2311,FJ131011008,FJ131011008FJ131011008
21041,FJ131011008,FJ131011008FJ131011008
21221,FJ131011008,FJ131011008FJ131011008
2404,FJ131011008,FJ131011008FJ131011008
21034,FJ131011009,FJ131011009FJ131011009
2315,FJ131011009,FJ131011009FJ131011009
2388,FJ131011009,FJ131011009FJ131011009
2390,FJ131011009,FJ131011009FJ131011009
2528,FJ131011010,FJ131011010FJ131011010
2529,FJ131011010,FJ131011010FJ131011010
2531,FJ131011010,FJ131011010FJ131011010
2530,FJ131011010,FJ131011010FJ131011010
21042,FJ131011011,FJ131011011FJ131011011
2538,FJ131011011,FJ131011011FJ131011011
2539,FJ131011011,FJ131011011FJ131011011
30118,FJ131011011,FJ131011011FJ131011011
8774,UB131011001,UB131011001UB131011001
8698,UB131011001,UB131011001UB131011001
8728,UB131011001,UB131011001UB131011001
8494,UB131011001,UB131011001UB131011001
8495,UB131011002,UB131011002UB131011002
8584,UB131011002,UB131011002UB131011002
8573,UB131011002,UB131011002UB131011002
8854,UB131011002,UB131011002UB131011002
8640,UB131011005,UB131011005UB131011005
8641,UB131011005,UB131011005UB131011005
8692,UB131011003,UB131011003UB131011003
8773,UB131011003,UB131011003UB131011003
8489,UB131011004,UB131011004UB131011004
8469,UB131011004,UB131011004UB131011004
8735,UB131011004,UB131011004UB131011004
8487,UB131011004,UB131011004UB131011004
8831,UB131011003,UB131011003UB131011003
8822,UB131011003,UB131011003UB131011003
31326,UB131011005,UB131011005UB131011005
20979,UB131011005,UB131011005UB131011005
8734,UB131011006,UB131011006UB131011006
8730,UB131011006,UB131011006UB131011006
8486,UB131011006,UB131011006UB131011006
20980,UB131011006,UB131011006UB131011006
8868,UB131011006,UB131011006UB131011006
8880,UB131011006,UB131011006UB131011006
11668,JX131011001,JX131011001JX131011001
11609,JX131011001,JX131011001JX131011001
11621,JX131011001,JX131011001JX131011001
11708,JX131011001,JX131011001JX131011001
21036,JX131011001,JX131011001JX131011001
21035,JX131011001,JX131011001JX131011001
11711,JX131011001,JX131011001JX131011001
11616,JX131011001,JX131011001JX131011001
9644,UN131011001,UN131011001UN131011001
9053,UN131011001,UN131011001UN131011001
9005,UN131011001,UN131011001UN131011001
8997,UN131011002,UN131011002UN131011002
9004,UN131011002,UN131011002UN131011002
9642,UN131011002,UN131011002UN131011002
27151,UN131011002,UN131011002UN131011002
8989,UN131011003,UN131011003UN131011003
9000,UN131011003,UN131011003UN131011003
9032,UN131011003,UN131011003UN131011003
9643,UN131011003,UN131011003UN131011003
9133,UN131011004,UN131011004UN131011004
9247,UN131011004,UN131011004UN131011004
9423,UN131011004,UN131011004UN131011004
9422,UN131011004,UN131011004UN131011004
9236,UN131011005,UN131011005UN131011005
9400,UN131011005,UN131011005UN131011005
9618,UN131011005,UN131011005UN131011005
9318,UN131011005,UN131011005UN131011005
4128,GX131011001,GX131011001GX131011001
4160,GX131011001,GX131011001GX131011001
24209,GX131011001,GX131011001GX131011001
4134,GX131011002,GX131011002GX131011002
4107,GX131011002,GX131011002GX131011002
4325,GX131011002,GX131011002GX131011002
4155,GX131011002,GX131011002GX131011002
4136,GX131011002,GX131011002GX131011002
4334,GX131011001,GX131011001GX131011001
4080,GX131011002,GX131011002GX131011002
4195,GX131011003,GX131011003GX131011003
4277,GX131011003,GX131011003GX131011003
4282,GX131011003,GX131011003GX131011003
4285,GX131011003,GX131011003GX131011003
4272,GX131011003,GX131011003GX131011003
4154,GX131011003,GX131011003GX131011003
19473,YN131011001,YN131011001YN131011001
19506,YN131011001,YN131011001YN131011001
19869,YN131011001,YN131011001YN131011001
21073,YN131011001,YN131011001YN131011001
19804,YN131011001,YN131011001YN131011001
19505,YN131011002,YN131011002YN131011002
19864,YN131011002,YN131011002YN131011002
19917,YN131011002,YN131011002YN131011002
19503,YN131011002,YN131011002YN131011002
5012,AN131011001,AN131011001AN131011001
5033,AN131011001,AN131011001AN131011001
5081,AN131011001,AN131011001AN131011001
5083,AN131011001,AN131011001AN131011001
5097,AN131011001,AN131011001AN131011001
4374,GX131011001,GX131011001GX131011001
4012,GX131011001,GX131011001GX131011001
4445,GX131011001,GX131011001GX131011001
4450,GX131011002,GX131011002GX131011002
4294,GX131011003,GX131011003GX131011003
4286,GX131011003,GX131011003GX131011003
19897,YN131011002,YN131011002YN131011002
2457,FJ131011008,FJ131011008FJ131011008
8725,UB131011003,UB131011003UB131011003
8752,UB131011005,UB131011005UB131011005
8356,UB131011006,UB131011006UB131011006
8690,UB131011005,UB131011005UB131011005
8733,UB131011003,UB131011003UB131011003
21184,GD131011016,GD131011016GD131011016
31098,GD131011003,GD131011003GD131011003
3588,GD131011003,GD131011003GD131011003
3589,GD131011003,GD131011003GD131011003
21016,SD131011004,SD131011004SD131011004
21004,JS131011005,JS131011005JS131011005
21039,AH131011001,AH131011001AH131011001
1036,AH131011001,AH131011001AH131011001
1052,AH131011001,AH131011001AH131011001
1053,AH131011001,AH131011001AH131011001
1075,AH131011003,AH131011003AH131011003
1076,AH131011002,AH131011002AH131011002
1080,AH131011003,AH131011003AH131011003
1094,AH131011004,AH131011004AH131011004
1098,AH131011004,AH131011004AH131011004
1100,AH131011004,AH131011004AH131011004
1117,AH131011005,AH131011005AH131011005
1140,AH131011005,AH131011005AH131011005
1141,AH131011005,AH131011005AH131011005
11258,JS131011021,JS131011021JS131011021
13583,SD131011009,SD131011009SD131011009
13587,SD131011009,SD131011009SD131011009
10706,JS131011026,JS131011026JS131011026
10708,JS131011026,JS131011026JS131011026
21134,JS131011026,JS131011026JS131011026
10709,JS131011026,JS131011026JS131011026
10334,JS131011015,JS131011015JS131011015
10335,JS131011016,JS131011016JS131011016
10342,JS131011015,JS131011015JS131011015
10336,JS131011016,JS131011016JS131011016
10338,JS131011015,JS131011015JS131011015
10341,JS131011016,JS131011016JS131011016
1154,AH131011002,AH131011002AH131011002
1166,AH131011004,AH131011004AH131011004
11269,JS131011021,JS131011021JS131011021
11140,JS131011018,JS131011018JS131011018
11414,JS131011025,JS131011025JS131011025
13633,SD131011013,SD131011013SD131011013
10415,JS131011020,JS131011020JS131011020
10474,JS131011003,JS131011003JS131011003
11292,JS131011021,JS131011021JS131011021
13679,SD131011008,SD131011008SD131011008
11304,JS131011021,JS131011021JS131011021
10423,JS131011020,JS131011020JS131011020
10434,JS131011020,JS131011020JS131011020
10644,JS131011012,JS131011012JS131011012
10649,JS131011012,JS131011012JS131011012
21281,AH131011003,AH131011003AH131011003
1287,AH131011002,AH131011002AH131011002
1288,AH131011002,AH131011002AH131011002
24884,AH131011002,AH131011002AH131011002
1289,AH131011003,AH131011003AH131011003
6360,EN131011005,EN131011005EN131011005
30636,EN131011005,EN131011005EN131011005
6419,EN131011001,EN131011001EN131011001
6503,EN131011003,EN131011003EN131011003
21354,EN131011002,EN131011002EN131011002
6519,EN131011003,EN131011003EN131011003
6530,EN131011003,EN131011003EN131011003
6531,EN131011004,EN131011004EN131011004
13748,SD131011013,SD131011013SD131011013
10365,JS131011022,JS131011022JS131011022
10371,JS131011022,JS131011022JS131011022
10373,JS131011022,JS131011022JS131011022
10377,JS131011022,JS131011022JS131011022
10379,JS131011022,JS131011022JS131011022
10381,JS131011022,JS131011022JS131011022
10383,JS131011022,JS131011022JS131011022
1353,AH131011005,AH131011005AH131011005
1363,AH131011005,AH131011005AH131011005
1397,AH131011001,AH131011001AH131011001
1414,AH131011001,AH131011001AH131011001
13783,SD131011002,SD131011002SD131011002
21021,SD131011010,SD131011010SD131011010
13827,SD131011009,SD131011009SD131011009
13828,SD131011011,SD131011011SD131011011
13850,SD131011010,SD131011010SD131011010
13851,SD131011010,SD131011010SD131011010
13882,SD131011013,SD131011013SD131011013
13900,SD131011013,SD131011013SD131011013
11311,JS131011021,JS131011021JS131011021
10544,JS131011007,JS131011007JS131011007
11418,JS131011025,JS131011025JS131011025
10531,JS131011007,JS131011007JS131011007
21135,JS131011005,JS131011005JS131011005
10493,JS131011002,JS131011002JS131011002
11144,JS131011019,JS131011019JS131011019
11149,JS131011018,JS131011018JS131011018
11150,JS131011018,JS131011018JS131011018
10501,JS131011001,JS131011001JS131011001
10502,JS131011003,JS131011003JS131011003
11385,JS131011008,JS131011008JS131011008
21126,JS131011026,JS131011026JS131011026
21127,JS131011026,JS131011026JS131011026
21006,JS131011008,JS131011008JS131011008
11386,JS131011008,JS131011008JS131011008
10503,JS131011023,JS131011023JS131011023
10504,JS131011002,JS131011002JS131011002
10506,JS131011007,JS131011007JS131011007
11086,JS131011013,JS131011013JS131011013
11088,JS131011013,JS131011013JS131011013
13915,SD131011002,SD131011002SD131011002
13920,SD131011002,SD131011002SD131011002
21003,JS131011005,JS131011005JS131011005
24293,JS131011017,JS131011017JS131011017
10400,JS131011022,JS131011022JS131011022
10347,JS131011015,JS131011015JS131011015
10348,JS131011015,JS131011015JS131011015
13924,SD131011013,SD131011013SD131011013
11425,JS131011025,JS131011025JS131011025
10730,JS131011010,JS131011010JS131011010
10733,JS131011010,JS131011010JS131011010
13944,SD131011011,SD131011011SD131011011
13950,SD131011011,SD131011011SD131011011
13961,SD131011001,SD131011001SD131011001
13984,SD131011004,SD131011004SD131011004
10514,JS131011001,JS131011001JS131011001
10515,JS131011001,JS131011001JS131011001
10355,JS131011016,JS131011016JS131011016
10358,JS131011016,JS131011016JS131011016
10452,JS131011020,JS131011020JS131011020
10453,JS131011020,JS131011020JS131011020
10455,JS131011020,JS131011020JS131011020
24983,JS131011020,JS131011020JS131011020
10460,JS131011020,JS131011020JS131011020
10404,JS131011022,JS131011022JS131011022
14009,SD131011006,SD131011006SD131011006
14020,SD131011006,SD131011006SD131011006
Temp011,SD131011012,SD131011012SD131011012
14063,SD131011012,SD131011012SD131011012
14065,SD131011012,SD131011012SD131011012
10596,JS131011001,JS131011001JS131011001
14082,SD131011004,SD131011004SD131011004
21096,EN131011005,EN131011005EN131011005
6751,EN131011005,EN131011005EN131011005
1493,AH131011002,AH131011002AH131011002
1496,AH131011002,AH131011002AH131011002
10836,JS131011017,JS131011017JS131011017
21001,JS131011005,JS131011005JS131011005
10564,JS131011006,JS131011006JS131011006
10569,JS131011025,JS131011025JS131011025
10581,JS131011025,JS131011025JS131011025
10583,JS131011023,JS131011023JS131011023
10584,JS131011004,JS131011004JS131011004
10585,JS131011002,JS131011002JS131011002
10586,JS131011006,JS131011006JS131011006
10587,JS131011006,JS131011006JS131011006
10589,JS131011001,JS131011001JS131011001
10592,JS131011024,JS131011024JS131011024
10593,JS131011024,JS131011024JS131011024
10594,JS131011024,JS131011024JS131011024
10598,JS131011004,JS131011004JS131011004
10600,JS131011004,JS131011004JS131011004
31541,JS131011023,JS131011023JS131011023
10603,JS131011003,JS131011003JS131011003
10606,JS131011007,JS131011007JS131011007
21141,JS131011002,JS131011002JS131011002
10607,JS131011023,JS131011023JS131011023
10608,JS131011024,JS131011024JS131011024
Temp017,JS131011025,JS131011025JS131011025
10613,JS131011024,JS131011024JS131011024
10620,JS131011023,JS131011023JS131011023
10621,JS131011004,JS131011004JS131011004
10658,JS131011012,JS131011012JS131011012
10666,JS131011012,JS131011012JS131011012
10668,JS131011012,JS131011012JS131011012
10671,JS131011012,JS131011012JS131011012
10676,JS131011012,JS131011012JS131011012
10677,JS131011012,JS131011012JS131011012
14106,SD131011004,SD131011004SD131011004
14119,SD131011001,SD131011001SD131011001
10683,JS131011012,JS131011012JS131011012
14137,SD131011001,SD131011001SD131011001
14154,SD131011001,SD131011001SD131011001
14174,SD131011001,SD131011001SD131011001
14176,SD131011003,SD131011003SD131011003
14178,SD131011001,SD131011001SD131011001
14179,SD131011001,SD131011001SD131011001
14181,SD131011003,SD131011003SD131011003
14183,SD131011003,SD131011003SD131011003
14186,SD131011002,SD131011002SD131011002
Temp009,SD131011002,SD131011002SD131011002
14195,SD131011002,SD131011002SD131011002
14197,SD131011002,SD131011002SD131011002
14199,SD131011003,SD131011003SD131011003
14249,SD131011003,SD131011003SD131011003
14251,SD131011003,SD131011003SD131011003
14258,SD131011005,SD131011005SD131011005
14269,SD131011011,SD131011011SD131011011
14271,SD131011009,SD131011009SD131011009
21026,SD131011009,SD131011009SD131011009
14323,SD131011006,SD131011006SD131011006
14324,SD131011006,SD131011006SD131011006
14326,SD131011012,SD131011012SD131011012
14327,SD131011012,SD131011012SD131011012
14339,SD131011007,SD131011007SD131011007
14346,SD131011005,SD131011005SD131011005
14365,SD131011011,SD131011011SD131011011
Temp010,SD131011006,SD131011006SD131011006
14382,SD131011011,SD131011011SD131011011
14384,SD131011007,SD131011007SD131011007
10631,JS131011006,JS131011006JS131011006
11322,JS131011021,JS131011021JS131011021
14409,SD131011008,SD131011008SD131011008
14416,SD131011008,SD131011008SD131011008
14422,SD131011008,SD131011008SD131011008
20999,JS131011010,JS131011010JS131011010
10741,JS131011010,JS131011010JS131011010
10742,JS131011009,JS131011009JS131011009
21129,JS131011011,JS131011011JS131011011
10763,JS131011011,JS131011011JS131011011
Temp015,JS131011009,JS131011009JS131011009
10775,JS131011026,JS131011026JS131011026
10782,JS131011011,JS131011011JS131011011
11004,JS131011017,JS131011017JS131011017
21231,AH131011005,AH131011005AH131011005
11161,JS131011017,JS131011017JS131011017
10785,JS131011010,JS131011010JS131011010
10788,JS131011010,JS131011010JS131011010
14445,SD131011010,SD131011010SD131011010
14452,SD131011010,SD131011010SD131011010
11062,JS131011008,JS131011008JS131011008
11064,JS131011008,JS131011008JS131011008
14478,SD131011012,SD131011012SD131011012
1576,AH131011004,AH131011004AH131011004
1586,AH131011004,AH131011004AH131011004
1593,AH131011004,AH131011004AH131011004
11166,JS131011018,JS131011018JS131011018
1612,AH131011003,AH131011003AH131011003
14486,SD131011005,SD131011005SD131011005
14489,SD131011005,SD131011005SD131011005
14491,SD131011005,SD131011005SD131011005
14493,SD131011005,SD131011005SD131011005
14518,SD131011008,SD131011008SD131011008
14524,SD131011008,SD131011008SD131011008
14525,SD131011008,SD131011008SD131011008
14526,SD131011008,SD131011008SD131011008
14532,SD131011008,SD131011008SD131011008
11118,JS131011013,JS131011013JS131011013
11104,JS131011014,JS131011014JS131011014
11106,JS131011014,JS131011014JS131011014
11107,JS131011013,JS131011013JS131011013
11109,JS131011013,JS131011013JS131011013
11113,JS131011013,JS131011013JS131011013
11117,JS131011014,JS131011014JS131011014
11120,JS131011014,JS131011014JS131011014
11123,JS131011013,JS131011013JS131011013
11124,JS131011014,JS131011014JS131011014
10792,JS131011011,JS131011011JS131011011
10795,JS131011011,JS131011011JS131011011
1644,AH131011003,AH131011003AH131011003
1657,AH131011003,AH131011003AH131011003
10363,JS131011015,JS131011015JS131011015
10364,JS131011015,JS131011015JS131011015
21085,EN131011004,EN131011004EN131011004
Temp012,JS131011005,JS131011005JS131011005
21023,SD131011010,SD131011010SD131011010
11331,JS131011021,JS131011021JS131011021
7122,EN131011001,EN131011001EN131011001
6438,EN131011001,EN131011001EN131011001
11172,JS131011019,JS131011019JS131011019
10410,JS131011022,JS131011022JS131011022
11203,JS131011018,JS131011018JS131011018
11216,JS131011018,JS131011018JS131011018
11217,JS131011018,JS131011018JS131011018
11223,JS131011019,JS131011019JS131011019
11233,JS131011019,JS131011019JS131011019
11234,JS131011019,JS131011019JS131011019
11240,JS131011017,JS131011017JS131011017
7170,EN131011004,EN131011004EN131011004
7190,EN131011004,EN131011004EN131011004
1692,AH131011003,AH131011003AH131011003
14610,SD131011004,SD131011004SD131011004
14618,SD131011004,SD131011004SD131011004
14628,SD131011004,SD131011004SD131011004
21146,JS131011021,JS131011021JS131011021
11339,JS131011021,JS131011021JS131011021
11340,JS131011021,JS131011021JS131011021
30898,JS131011021,JS131011021JS131011021
11349,JS131011021,JS131011021JS131011021
14643,SD131011013,SD131011013SD131011013
11427,JS131011025,JS131011025JS131011025
11406,JS131011008,JS131011008JS131011008
11132,JS131011014,JS131011014JS131011014
11134,JS131011014,JS131011014JS131011014
14706,SD131011012,SD131011012SD131011012
10800,JS131011009,JS131011009JS131011009
10819,JS131011009,JS131011009JS131011009
10826,JS131011009,JS131011009JS131011009
14742,SD131011011,SD131011011SD131011011
14745,SD131011004,SD131011004SD131011004
11431,JS131011025,JS131011025JS131011025
11433,JS131011025,JS131011025JS131011025
11434,JS131011025,JS131011025JS131011025
7279,EN131011001,EN131011001EN131011001
24857,EN131011004,EN131011004EN131011004
7281,EN131011004,EN131011004EN131011004
7282,EN131011005,EN131011005EN131011005
7319,EN131011002,EN131011002EN131011002
7321,EN131011001,EN131011001EN131011001
7355,EN131011002,EN131011002EN131011002
21069,EN131011002,EN131011002EN131011002
21027,SD131011005,SD131011005SD131011005
21025,SD131011010,SD131011010SD131011010
21038,AH131011005,AH131011005AH131011005
21020,SD131011003,SD131011003SD131011003
21147,JS131011008,JS131011008JS131011008
14797,SD131011007,SD131011007SD131011007
14807,SD131011007,SD131011007SD131011007
14828,SD131011007,SD131011007SD131011007
14834,SD131011013,SD131011013SD131011013
6370,EN131011003,EN131011003EN131011003
6295,EN131011003,EN131011003EN131011003
1153,AH131011002,AH131011002AH131011002
1171,AH131011005,AH131011005AH131011005
1173,AH131011005,AH131011005AH131011005
21037,AH131011004,AH131011004AH131011004
21355,EN131011001,EN131011001EN131011001
10390,JS131011022,JS131011022JS131011022
6411,EN131011005,EN131011005EN131011005
10488,JS131011006,JS131011006JS131011006
23178,JS131011003,JS131011003JS131011003
21356,JS131011004,JS131011004JS131011004
29041,JS131011023,JS131011023JS131011023
29041,JS131011023,JS131011023JS131011023
23797,JS131011023,JS131011023JS131011023
11159,JS131011018,JS131011018JS131011018
6930,EN131011003,EN131011003EN131011003
6954,EN131011003,EN131011003EN131011003
6958,EN131011003,EN131011003EN131011003
6961,EN131011003,EN131011003EN131011003
14353,SD131011005,SD131011005SD131011005
10875,JS131011017,JS131011017JS131011017
10879,JS131011017,JS131011017JS131011017
10764,JS131011011,JS131011011JS131011011
10771,JS131011011,JS131011011JS131011011
11070,JS131011014,JS131011014JS131011014
11229,JS131011019,JS131011019JS131011019
7316,EN131011001,EN131011001EN131011001
7317,EN131011005,EN131011005EN131011005
7356,EN131011003,EN131011003EN131011003
16422,AX131011001,AX131011001AX131011001
16029,AX131011001,AX131011001AX131011001
16145,AX131011001,AX131011001AX131011001
16463,AX131011001,AX131011001AX131011001
16421,AX131011001,AX131011001AX131011001
24007,AX131011001,AX131011001AX131011001
16238,AX131011002,AX131011002AX131011002
16542,AX131011002,AX131011002AX131011002
16573,AX131011002,AX131011002AX131011002
16217,AX131011002,AX131011002AX131011002
16403,AX131011002,AX131011002AX131011002
16456,AX131011002,AX131011002AX131011002
16210,AX131011003,AX131011003AX131011003
16492,AX131011003,AX131011003AX131011003
21062,AX131011003,AX131011003AX131011003
16389,AX131011003,AX131011003AX131011003
15923,AX131011003,AX131011003AX131011003
16599,AX131011003,AX131011003AX131011003
21063,AX131011004,AX131011004AX131011004
28434,AX131011004,AX131011004AX131011004
15910,AX131011004,AX131011004AX131011004
21060,GS131011001,GS131011001GS131011001
2643,GS131011002,GS131011002GS131011002
2661,GS131011001,GS131011001GS131011001
13535,GS131011001,GS131011001GS131011001
25711,GS131011001,GS131011001GS131011001
13504,GS131011001,GS131011001GS131011001
13539,GS131011001,GS131011001GS131011001
2647,GS131011002,GS131011002GS131011002
2627,GS131011002,GS131011002GS131011002
2763,GS131011002,GS131011002GS131011002
2732,GS131011002,GS131011002GS131011002
2742,GS131011002,GS131011002GS131011002
2741,GS131011002,GS131011002GS131011002
2770,GS131011002,GS131011002GS131011002
2662,GS131011002,GS131011002GS131011002
13426,NX131011001,NX131011001NX131011001
13342,NX131011001,NX131011001NX131011001
13366,NX131011001,NX131011001NX131011001
24151,NX131011001,NX131011001NX131011001
13403,NX131011001,NX131011001NX131011001
17801,SC131011001,SC131011001SC131011001
17756,SC131011001,SC131011001SC131011001
30549,SC131011001,SC131011001SC131011001
28923,SC131011001,SC131011001SC131011001
17856,SC131011001,SC131011001SC131011001
17883,SC131011002,SC131011002SC131011002
17169,SC131011002,SC131011002SC131011002
29458,SC131011002,SC131011002SC131011002
17129,SC131011002,SC131011002SC131011002
18081,SC131011002,SC131011002SC131011002
17162,SC131011003,SC131011003SC131011003
21072,SC131011003,SC131011003SC131011003
17152,SC131011003,SC131011003SC131011003
17860,SC131011003,SC131011003SC131011003
21071,SC131011003,SC131011003SC131011003
29461,SC131011003,SC131011003SC131011003
17255,SC131011004,SC131011004SC131011004
17101,SC131011004,SC131011004SC131011004
17105,SC131011004,SC131011004SC131011004
17107,SC131011004,SC131011004SC131011004
17108,SC131011004,SC131011004SC131011004
17102,SC131011005,SC131011005SC131011005
17798,SC131011005,SC131011005SC131011005
17066,SC131011005,SC131011005SC131011005
17116,SC131011005,SC131011005SC131011005
17104,SC131011005,SC131011005SC131011005
Temp007,SC131011005,SC131011005SC131011005
17238,SC131011006,SC131011006SC131011006
17865,SC131011006,SC131011006SC131011006
17341,SC131011006,SC131011006SC131011006
17103,SC131011006,SC131011006SC131011006
17227,SC131011006,SC131011006SC131011006
17857,SC131011006,SC131011006SC131011006
17887,SC131011007,SC131011007SC131011007
17916,SC131011007,SC131011007SC131011007
17646,SC131011007,SC131011007SC131011007
17178,SC131011007,SC131011007SC131011007
17851,SC131011007,SC131011007SC131011007
17054,SC131011007,SC131011007SC131011007
17196,SC131011007,SC131011007SC131011007
18005,SC131011003,SC131011003SC131011003
17446,SC131011003,SC131011003SC131011003
17569,SC131011006,SC131011006SC131011006
4663,GZ131011001,GZ131011001GZ131011001
4596,GZ131011001,GZ131011001GZ131011001
4645,GZ131011001,GZ131011001GZ131011001
4604,GZ131011001,GZ131011001GZ131011001
4605,GZ131011001,GZ131011001GZ131011001
20858,CQ131011001,CQ131011001CQ131011001
20800,CQ131011001,CQ131011001CQ131011001
20912,CQ131011001,CQ131011001CQ131011001
20917,CQ131011001,CQ131011001CQ131011001
20853,CQ131011001,CQ131011001CQ131011001
20856,CQ131011001,CQ131011001CQ131011001
4941,GZ131011002,GZ131011002GZ131011002
20839,GZ131011002,GZ131011002GZ131011002
21077,GZ131011002,GZ131011002GZ131011002
20681,GZ131011002,GZ131011002GZ131011002
4921,GZ131011002,GZ131011002GZ131011002
20871,CQ131011003,CQ131011003CQ131011003
21076,CQ131011005,CQ131011005CQ131011005
20834,CQ131011003,CQ131011003CQ131011003
20923,CQ131011003,CQ131011003CQ131011003
20843,CQ131011003,CQ131011003CQ131011003
20842,CQ131011003,CQ131011003CQ131011003
20956,CQ131011004,CQ131011004CQ131011004
20957,CQ131011004,CQ131011004CQ131011004
20860,CQ131011004,CQ131011004CQ131011004
20642,CQ131011004,CQ131011004CQ131011004
21075,CQ131011003,CQ131011003CQ131011003
20836,CQ131011005,CQ131011005CQ131011005
20934,CQ131011005,CQ131011005CQ131011005
20820,CQ131011005,CQ131011005CQ131011005
20837,CQ131011005,CQ131011005CQ131011005
20939,CQ131011006,CQ131011006CQ131011006
18036,CQ131011006,CQ131011006CQ131011006
17885,CQ131011006,CQ131011006CQ131011006
17538,CQ131011006,CQ131011006CQ131011006
17532,CQ131011006,CQ131011006CQ131011006
17533,CQ131011006,CQ131011006CQ131011006
19170,XJ131011001,XJ131011001XJ131011001
18628,XJ131011001,XJ131011001XJ131011001
19190,XJ131011001,XJ131011001XJ131011001
19189,XJ131011001,XJ131011001XJ131011001
19217,XJ131011001,XJ131011001XJ131011001
19213,XJ131011002,XJ131011002XJ131011002
19214,XJ131011002,XJ131011002XJ131011002
21067,XJ131011002,XJ131011002XJ131011002
19220,XJ131011002,XJ131011002XJ131011002
19192,XJ131011002,XJ131011002XJ131011002
19140,XJ131011002,XJ131011002XJ131011002
18745,XJ131011003,XJ131011003XJ131011003
18746,XJ131011003,XJ131011003XJ131011003
19176,XJ131011003,XJ131011003XJ131011003
19177,XJ131011003,XJ131011003XJ131011003
22847,XJ131011003,XJ131011003XJ131011003
19193,XJ131011004,XJ131011004XJ131011004
18895,XJ131011004,XJ131011004XJ131011004
18965,XJ131011004,XJ131011004XJ131011004
18900,XJ131011004,XJ131011004XJ131011004
19191,XJ131011004,XJ131011004XJ131011004
19194,XJ131011005,XJ131011005XJ131011005
18966,XJ131011005,XJ131011005XJ131011005
21068,XJ131011005,XJ131011005XJ131011005
19181,XJ131011005,XJ131011005XJ131011005
18603,XJ131011005,XJ131011005XJ131011005
21066,XJ131011005,XJ131011005XJ131011005
3318,GD131011001,GD131011001GD131011001
28205,GD131011006,GD131011006GD131011006
7012,EN131011005,EN131011005EN131011005
12754,LN131011005,LN131011005LN131011005
12470,LN131011006,LN131011006LN131011006
20919,CQ131011001,CQ131011001CQ131011001
20710,CQ131011001,CQ131011001CQ131011001
20846,CQ131011001,CQ131011001CQ131011001
20618,GZ131011002,GZ131011002GZ131011002
20792,GZ131011002,GZ131011002GZ131011002
20865,CQ131011004,CQ131011004CQ131011004
30314,CQ131011004,CQ131011004CQ131011004
20645,CQ131011006,CQ131011006CQ131011006
16505,AX131011001,AX131011001AX131011001
16380,AX131011001,AX131011001AX131011001
16458,AX131011001,AX131011001AX131011001
13427,NX131011001,NX131011001NX131011001
13432,NX131011001,NX131011001NX131011001
16253,AX131011003,AX131011003AX131011003
15931,AX131011003,AX131011003AX131011003
16723,SH131011016,SH131011016SH131011016
21224,FJ131011010,FJ131011010FJ131011010
27668,FJ131011007,FJ131011007FJ131011007
2316,FJ131011009,FJ131011009FJ131011009
21245,FJ131011009,FJ131011009FJ131011009
21244,FJ131011009,FJ131011009FJ131011009
2463,FJ131011008,FJ131011008FJ131011008
2485,FJ131011008,FJ131011008FJ131011008
2457,FJ131011008,FJ131011008FJ131011008
4189,GX131011003,GX131011003GX131011003
24947,GX131011003,GX131011003GX131011003
23313,YN131011002,YN131011002YN131011002
19631,YN131011002,YN131011002YN131011002
4450,GX131011002,GX131011002GX131011002
4421,GX131011002,GX131011002GX131011002
4420,GX131011002,GX131011002GX131011002
4419,GX131011002,GX131011002GX131011002
4168,GX131011002,GX131011002GX131011002
4453,GX131011002,GX131011002GX131011002
4373,GX131011001,GX131011001GX131011001
4019,GX131011001,GX131011001GX131011001
4147,GX131011001,GX131011001GX131011001
19301,YN131011001,YN131011001YN131011001
19353,YN131011001,YN131011001YN131011001
19705,YN131011001,YN131011001YN131011001
3883,GD131011005,GD131011005GD131011005
3885,GD131011005,GD131011005GD131011005
3206,GD131011005,GD131011005GD131011005
3877,GD131011001,GD131011001GD131011001
3874,GD131011001,GD131011001GD131011001
3558,GD131011005,GD131011005GD131011005
2987,GD131011005,GD131011005GD131011005
9317,UN131011003,UN131011003UN131011003
9232,UN131011004,UN131011004UN131011004
9330,UN131011004,UN131011004UN131011004
9677,UN131011004,UN131011004UN131011004
2340,FJ131011002,FJ131011002FJ131011002
2562,FJ131011004,FJ131011004FJ131011004
3494,GD131011019,GD131011019GD131011019
3958,GD131011018,GD131011018GD131011018
23727,GD131011014,GD131011014GD131011014
3896,GD131011020,GD131011020GD131011020
8842,UB131011003,UB131011003UB131011003
8843,UB131011003,UB131011003UB131011003
8663,UB131011003,UB131011003UB131011003
23843,UB131011001,UB131011001UB131011001
8811,UB131011001,UB131011001UB131011001
8480,UB131011002,UB131011002UB131011002
8713,UB131011002,UB131011002UB131011002
8746,UB131011002,UB131011002UB131011002
8547,UB131011002,UB131011002UB131011002
23474,UB131011006,UB131011006UB131011006
8388,UB131011005,UB131011005UB131011005
8396,UB131011005,UB131011005UB131011005
8697,UB131011005,UB131011005UB131011005
8530,UB131011004,UB131011004UB131011004
29902,JX131011001,JX131011001JX131011001
2366,FJ131011004,FJ131011004FJ131011004
2430,FJ131011004,FJ131011004FJ131011004
2401,FJ131011004,FJ131011004FJ131011004
2574,FJ131011009,FJ131011009FJ131011009