-- MySQL dump 10.13  Distrib 5.5.30, for osx10.6 (i386)
--
-- Host: localhost    Database: crmdb
-- ------------------------------------------------------
-- Server version	5.5.30

/*!40101 SET @OLD_CHARACTER_SET_CLIENT=@@CHARACTER_SET_CLIENT */;
/*!40101 SET @OLD_CHARACTER_SET_RESULTS=@@CHARACTER_SET_RESULTS */;
/*!40101 SET @OLD_COLLATION_CONNECTION=@@COLLATION_CONNECTION */;
/*!40101 SET NAMES utf8 */;
/*!40103 SET @OLD_TIME_ZONE=@@TIME_ZONE */;
/*!40103 SET TIME_ZONE='+00:00' */;
/*!40014 SET @OLD_UNIQUE_CHECKS=@@UNIQUE_CHECKS, UNIQUE_CHECKS=0 */;
/*!40014 SET @OLD_FOREIGN_KEY_CHECKS=@@FOREIGN_KEY_CHECKS, FOREIGN_KEY_CHECKS=0 */;
/*!40101 SET @OLD_SQL_MODE=@@SQL_MODE, SQL_MODE='NO_AUTO_VALUE_ON_ZERO' */;
/*!40111 SET @OLD_SQL_NOTES=@@SQL_NOTES, SQL_NOTES=0 */;

--
-- Table structure for table `account`
--

DROP TABLE IF EXISTS `account`;
/*!40101 SET @saved_cs_client     = @@character_set_client */;
/*!40101 SET character_set_client = utf8 */;
CREATE TABLE `account` (
  `id` mediumint(9) NOT NULL AUTO_INCREMENT,
  `name` varchar(255) NOT NULL,
  `address` varchar(255) DEFAULT NULL,
  `cityId` mediumint(9) DEFAULT NULL,
  `classification` varchar(255) DEFAULT NULL,
  `isKeyAccount` tinyint(1) DEFAULT NULL,
  `level` varchar(255) DEFAULT NULL,
  `photo` varchar(255) DEFAULT NULL,
  `status` varchar(128) DEFAULT NULL,
  `tele` varchar(255) DEFAULT NULL,
  `pl1` mediumint(9) DEFAULT NULL,
  `pl2` mediumint(9) DEFAULT NULL,
  `pl3` mediumint(9) DEFAULT NULL,
  `pl4` mediumint(9) DEFAULT NULL,
  `pl5` mediumint(9) DEFAULT NULL,
  `pl6` mediumint(9) DEFAULT NULL,
  `whenadded` datetime DEFAULT NULL,
  PRIMARY KEY (`id`) USING BTREE
) ENGINE=InnoDB AUTO_INCREMENT=109 DEFAULT CHARSET=utf8;
/*!40101 SET character_set_client = @saved_cs_client */;

--
-- Dumping data for table `account`
--

LOCK TABLES `account` WRITE;
/*!40000 ALTER TABLE `account` DISABLE KEYS */;
INSERT INTO `account` VALUES (1,'北京大学第1医院','北京市西城区西什库大街1号',34,'综合医院',NULL,NULL,'image/a1.gif',NULL,'010-6655-1',3,2,2,3,3,3,NULL),(2,'北京大学第2医院','北京市西城区西什库大街2号',36,'综合医院',NULL,NULL,'image/a1.gif',NULL,'010-6655-2',3,2,2,3,2,2,NULL),(3,'北京大学第3医院','北京市西城区西什库大街3号',26,'综合医院',NULL,NULL,'image/a1.gif',NULL,'010-6655-3',1,1,1,3,1,2,NULL),(4,'北京大学第4医院','北京市西城区西什库大街4号',87,'综合医院',NULL,NULL,'image/a1.gif',NULL,'010-6655-4',3,1,1,3,2,1,NULL),(5,'北京大学第5医院','北京市西城区西什库大街5号',59,'综合医院',NULL,NULL,'image/a1.gif',NULL,'010-6655-5',1,3,1,1,2,1,NULL),(6,'北京大学第6医院','北京市西城区西什库大街6号',59,'综合医院',NULL,NULL,'image/a1.gif',NULL,'010-6655-6',1,2,2,3,2,2,NULL),(7,'北京大学第7医院','北京市西城区西什库大街7号',60,'综合医院',NULL,NULL,'image/a1.gif',NULL,'010-6655-7',2,1,2,3,3,1,NULL),(8,'北京大学第8医院','北京市西城区西什库大街8号',62,'综合医院',NULL,NULL,'image/a1.gif',NULL,'010-6655-8',3,2,2,3,2,1,NULL),(9,'北京大学第9医院','北京市西城区西什库大街9号',48,'综合医院',NULL,NULL,'image/a1.gif',NULL,'010-6655-9',1,2,1,2,2,3,NULL),(10,'北京大学第10医院','北京市西城区西什库大街10号',76,'综合医院',NULL,NULL,'image/a1.gif',NULL,'010-6655-10',3,2,2,2,3,2,NULL),(11,'北京大学第11医院','北京市西城区西什库大街11号',85,'综合医院',NULL,NULL,'image/a1.gif',NULL,'010-6655-11',2,2,1,3,2,2,NULL),(12,'北京大学第12医院','北京市西城区西什库大街12号',29,'综合医院',NULL,NULL,'image/a1.gif',NULL,'010-6655-12',1,2,2,3,2,1,NULL),(13,'北京大学第13医院','北京市西城区西什库大街13号',76,'综合医院',NULL,NULL,'image/a1.gif',NULL,'010-6655-13',3,2,1,1,1,1,NULL),(14,'北京大学第14医院','北京市西城区西什库大街14号',53,'综合医院',NULL,NULL,'image/a1.gif',NULL,'010-6655-14',3,2,2,1,1,2,NULL),(15,'北京大学第15医院','北京市西城区西什库大街15号',51,'综合医院',NULL,NULL,'image/a1.gif',NULL,'010-6655-15',1,3,2,2,2,2,NULL),(16,'北京大学第16医院','北京市西城区西什库大街16号',56,'综合医院',NULL,NULL,'image/a1.gif',NULL,'010-6655-16',3,1,2,1,3,2,NULL),(17,'北京大学第17医院','北京市西城区西什库大街17号',81,'综合医院',NULL,NULL,'image/a1.gif',NULL,'010-6655-17',3,3,1,3,1,3,NULL),(18,'北京大学第18医院','北京市西城区西什库大街18号',48,'综合医院',NULL,NULL,'image/a1.gif',NULL,'010-6655-18',3,2,1,2,2,3,NULL),(19,'北京大学第19医院','北京市西城区西什库大街19号',15,'综合医院',NULL,NULL,'image/a1.gif',NULL,'010-6655-19',3,3,1,1,2,3,NULL),(20,'北京大学第20医院','北京市西城区西什库大街20号',3,'综合医院',NULL,NULL,'image/a1.gif',NULL,'010-6655-20',2,2,2,3,2,2,NULL),(21,'北京大学第21医院','北京市西城区西什库大街21号',2,'综合医院',NULL,NULL,'image/a1.gif',NULL,'010-6655-21',2,3,2,1,1,3,NULL),(22,'北京大学第22医院','北京市西城区西什库大街22号',64,'综合医院',NULL,NULL,'image/a1.gif',NULL,'010-6655-22',2,1,2,1,3,1,NULL),(23,'北京大学第23医院','北京市西城区西什库大街23号',52,'综合医院',NULL,NULL,'image/a1.gif',NULL,'010-6655-23',1,3,2,2,2,3,NULL),(24,'北京大学第24医院','北京市西城区西什库大街24号',81,'综合医院',NULL,NULL,'image/a1.gif',NULL,'010-6655-24',3,1,1,1,1,3,NULL),(25,'北京大学第25医院','北京市西城区西什库大街25号',88,'综合医院',NULL,NULL,'image/a1.gif',NULL,'010-6655-25',1,1,1,3,1,1,NULL),(26,'北京大学第26医院','北京市西城区西什库大街26号',31,'综合医院',NULL,NULL,'image/a1.gif',NULL,'010-6655-26',3,1,1,2,3,3,NULL),(27,'北京大学第27医院','北京市西城区西什库大街27号',89,'综合医院',NULL,NULL,'image/a1.gif',NULL,'010-6655-27',1,2,2,2,2,1,NULL),(28,'北京大学第28医院','北京市西城区西什库大街28号',24,'综合医院',NULL,NULL,'image/a1.gif',NULL,'010-6655-28',2,3,1,1,3,3,NULL),(29,'北京大学第29医院','北京市西城区西什库大街29号',75,'综合医院',NULL,NULL,'image/a1.gif',NULL,'010-6655-29',1,3,2,2,3,2,NULL),(30,'北京大学第30医院','北京市西城区西什库大街30号',30,'综合医院',NULL,NULL,'image/a1.gif',NULL,'010-6655-30',2,2,2,3,3,3,NULL),(31,'北京大学第31医院','北京市西城区西什库大街31号',73,'综合医院',NULL,NULL,'image/a1.gif',NULL,'010-6655-31',3,2,2,3,2,1,NULL),(32,'北京大学第32医院','北京市西城区西什库大街32号',47,'综合医院',NULL,NULL,'image/a1.gif',NULL,'010-6655-32',2,2,1,3,2,3,NULL),(33,'北京大学第33医院','北京市西城区西什库大街33号',61,'综合医院',NULL,NULL,'image/a1.gif',NULL,'010-6655-33',2,2,2,3,3,1,NULL),(34,'北京大学第34医院','北京市西城区西什库大街34号',25,'综合医院',NULL,NULL,'image/a1.gif',NULL,'010-6655-34',2,1,2,2,1,3,NULL),(35,'北京大学第35医院','北京市西城区西什库大街35号',1,'综合医院',NULL,NULL,'image/a1.gif',NULL,'010-6655-35',1,1,2,2,1,2,NULL),(36,'北京大学第36医院','北京市西城区西什库大街36号',38,'综合医院',NULL,NULL,'image/a1.gif',NULL,'010-6655-36',3,2,2,1,3,2,NULL),(37,'北京大学第37医院','北京市西城区西什库大街37号',9,'综合医院',NULL,NULL,'image/a1.gif',NULL,'010-6655-37',3,2,2,1,3,3,NULL),(38,'北京大学第38医院','北京市西城区西什库大街38号',12,'综合医院',NULL,NULL,'image/a1.gif',NULL,'010-6655-38',2,2,1,2,2,2,NULL),(39,'北京大学第39医院','北京市西城区西什库大街39号',15,'综合医院',NULL,NULL,'image/a1.gif',NULL,'010-6655-39',1,2,2,1,1,3,NULL),(40,'北京大学第40医院','北京市西城区西什库大街40号',29,'综合医院',NULL,NULL,'image/a1.gif',NULL,'010-6655-40',1,3,2,3,3,1,NULL),(41,'北京大学第41医院','北京市西城区西什库大街41号',76,'综合医院',NULL,NULL,'image/a1.gif',NULL,'010-6655-41',2,2,1,2,3,3,NULL),(42,'北京大学第42医院','北京市西城区西什库大街42号',72,'综合医院',NULL,NULL,'image/a1.gif',NULL,'010-6655-42',3,1,2,1,2,2,NULL),(43,'北京大学第43医院','北京市西城区西什库大街43号',79,'综合医院',NULL,NULL,'image/a1.gif',NULL,'010-6655-43',1,2,2,2,2,1,NULL),(44,'北京大学第44医院','北京市西城区西什库大街44号',31,'综合医院',NULL,NULL,'image/a1.gif',NULL,'010-6655-44',2,2,1,3,3,1,NULL),(45,'北京大学第45医院','北京市西城区西什库大街45号',11,'综合医院',NULL,NULL,'image/a1.gif',NULL,'010-6655-45',1,2,1,2,1,3,NULL),(46,'北京大学第46医院','北京市西城区西什库大街46号',27,'综合医院',NULL,NULL,'image/a1.gif',NULL,'010-6655-46',1,1,2,3,2,1,NULL),(47,'北京大学第47医院','北京市西城区西什库大街47号',84,'综合医院',NULL,NULL,'image/a1.gif',NULL,'010-6655-47',2,1,2,2,2,1,NULL),(48,'北京大学第48医院','北京市西城区西什库大街48号',41,'综合医院',NULL,NULL,'image/a1.gif',NULL,'010-6655-48',1,2,2,1,1,3,NULL),(49,'北京大学第49医院','北京市西城区西什库大街49号',75,'综合医院',NULL,NULL,'image/a1.gif',NULL,'010-6655-49',3,3,1,3,3,1,NULL),(50,'北京大学第50医院','北京市西城区西什库大街50号',89,'综合医院',NULL,NULL,'image/a1.gif',NULL,'010-6655-50',1,1,2,3,3,1,NULL),(51,'北京大学第51医院','北京市西城区西什库大街51号',16,'综合医院',NULL,NULL,'image/a1.gif',NULL,'010-6655-51',2,3,2,1,2,2,NULL),(52,'北京大学第52医院','北京市西城区西什库大街52号',84,'综合医院',NULL,NULL,'image/a1.gif',NULL,'010-6655-52',2,2,1,2,2,2,NULL),(53,'北京大学第53医院','北京市西城区西什库大街53号',73,'综合医院',NULL,NULL,'image/a1.gif',NULL,'010-6655-53',2,1,1,3,2,2,NULL),(54,'北京大学第54医院','北京市西城区西什库大街54号',93,'综合医院',NULL,NULL,'image/a1.gif',NULL,'010-6655-54',3,2,2,1,2,2,NULL),(55,'北京大学第55医院','北京市西城区西什库大街55号',56,'综合医院',NULL,NULL,'image/a1.gif',NULL,'010-6655-55',1,2,1,3,1,3,NULL),(56,'北京大学第56医院','北京市西城区西什库大街56号',92,'综合医院',NULL,NULL,'image/a1.gif',NULL,'010-6655-56',3,1,2,3,2,2,NULL),(57,'北京大学第57医院','北京市西城区西什库大街57号',78,'综合医院',NULL,NULL,'image/a1.gif',NULL,'010-6655-57',3,2,1,3,3,3,NULL),(58,'北京大学第58医院','北京市西城区西什库大街58号',61,'综合医院',NULL,NULL,'image/a1.gif',NULL,'010-6655-58',1,3,1,3,2,1,NULL),(59,'北京大学第59医院','北京市西城区西什库大街59号',63,'综合医院',NULL,NULL,'image/a1.gif',NULL,'010-6655-59',3,3,1,3,2,1,NULL),(60,'北京大学第60医院','北京市西城区西什库大街60号',19,'综合医院',NULL,NULL,'image/a1.gif',NULL,'010-6655-60',3,3,1,3,2,2,NULL),(61,'北京大学第61医院','北京市西城区西什库大街61号',95,'综合医院',NULL,NULL,'image/a1.gif',NULL,'010-6655-61',2,2,1,2,2,1,NULL),(62,'北京大学第62医院','北京市西城区西什库大街62号',8,'综合医院',NULL,NULL,'image/a1.gif',NULL,'010-6655-62',3,2,2,2,1,3,NULL),(63,'北京大学第63医院','北京市西城区西什库大街63号',62,'综合医院',NULL,NULL,'image/a1.gif',NULL,'010-6655-63',3,2,2,3,1,1,NULL),(64,'北京大学第64医院','北京市西城区西什库大街64号',96,'综合医院',NULL,NULL,'image/a1.gif',NULL,'010-6655-64',3,3,2,1,3,2,NULL),(65,'北京大学第65医院','北京市西城区西什库大街65号',37,'综合医院',NULL,NULL,'image/a1.gif',NULL,'010-6655-65',3,3,1,1,3,1,NULL),(66,'北京大学第66医院','北京市西城区西什库大街66号',8,'综合医院',NULL,NULL,'image/a1.gif',NULL,'010-6655-66',1,2,2,3,2,2,NULL),(67,'北京大学第67医院','北京市西城区西什库大街67号',46,'综合医院',NULL,NULL,'image/a1.gif',NULL,'010-6655-67',3,1,2,1,1,3,NULL),(68,'北京大学第68医院','北京市西城区西什库大街68号',22,'综合医院',NULL,NULL,'image/a1.gif',NULL,'010-6655-68',2,2,1,1,1,2,NULL),(69,'北京大学第69医院','北京市西城区西什库大街69号',36,'综合医院',NULL,NULL,'image/a1.gif',NULL,'010-6655-69',3,3,1,1,1,1,NULL),(70,'北京大学第70医院','北京市西城区西什库大街70号',28,'综合医院',NULL,NULL,'image/a1.gif',NULL,'010-6655-70',2,3,1,3,1,3,NULL),(71,'北京大学第71医院','北京市西城区西什库大街71号',70,'综合医院',NULL,NULL,'image/a1.gif',NULL,'010-6655-71',1,3,2,2,3,1,NULL),(72,'北京大学第72医院','北京市西城区西什库大街72号',92,'综合医院',NULL,NULL,'image/a1.gif',NULL,'010-6655-72',3,2,2,3,1,2,NULL),(73,'北京大学第73医院','北京市西城区西什库大街73号',72,'综合医院',NULL,NULL,'image/a1.gif',NULL,'010-6655-73',2,3,1,3,2,3,NULL),(74,'北京大学第74医院','北京市西城区西什库大街74号',66,'综合医院',NULL,NULL,'image/a1.gif',NULL,'010-6655-74',2,2,2,1,1,3,NULL),(75,'北京大学第75医院','北京市西城区西什库大街75号',36,'综合医院',NULL,NULL,'image/a1.gif',NULL,'010-6655-75',2,1,2,2,1,1,NULL),(76,'北京大学第76医院','北京市西城区西什库大街76号',43,'综合医院',NULL,NULL,'image/a1.gif',NULL,'010-6655-76',1,2,2,3,1,3,NULL),(77,'北京大学第77医院','北京市西城区西什库大街77号',5,'综合医院',NULL,NULL,'image/a1.gif',NULL,'010-6655-77',3,1,1,1,3,3,NULL),(78,'北京大学第78医院','北京市西城区西什库大街78号',87,'综合医院',NULL,NULL,'image/a1.gif',NULL,'010-6655-78',3,2,2,2,2,1,NULL),(79,'北京大学第79医院','北京市西城区西什库大街79号',92,'综合医院',NULL,NULL,'image/a1.gif',NULL,'010-6655-79',3,1,2,1,2,1,NULL),(80,'北京大学第80医院','北京市西城区西什库大街80号',88,'综合医院',NULL,NULL,'image/a1.gif',NULL,'010-6655-80',3,1,1,3,1,1,NULL),(81,'北京大学第81医院','北京市西城区西什库大街81号',63,'综合医院',NULL,NULL,'image/a1.gif',NULL,'010-6655-81',2,2,1,2,2,1,NULL),(82,'北京大学第82医院','北京市西城区西什库大街82号',29,'综合医院',NULL,NULL,'image/a1.gif',NULL,'010-6655-82',1,3,2,2,3,1,NULL),(83,'北京大学第83医院','北京市西城区西什库大街83号',13,'综合医院',NULL,NULL,'image/a1.gif',NULL,'010-6655-83',3,1,2,1,3,3,NULL),(84,'北京大学第84医院','北京市西城区西什库大街84号',79,'综合医院',NULL,NULL,'image/a1.gif',NULL,'010-6655-84',1,3,2,3,1,3,NULL),(85,'北京大学第85医院','北京市西城区西什库大街85号',28,'综合医院',NULL,NULL,'image/a1.gif',NULL,'010-6655-85',3,2,1,3,3,3,NULL),(86,'北京大学第86医院','北京市西城区西什库大街86号',10,'综合医院',NULL,NULL,'image/a1.gif',NULL,'010-6655-86',1,1,2,2,3,2,NULL),(87,'北京大学第87医院','北京市西城区西什库大街87号',5,'综合医院',NULL,NULL,'image/a1.gif',NULL,'010-6655-87',3,3,2,3,1,1,NULL),(88,'北京大学第88医院','北京市西城区西什库大街88号',54,'综合医院',NULL,NULL,'image/a1.gif',NULL,'010-6655-88',2,3,2,3,3,2,NULL),(89,'北京大学第89医院','北京市西城区西什库大街89号',59,'综合医院',NULL,NULL,'image/a1.gif',NULL,'010-6655-89',3,2,1,3,1,2,NULL),(90,'北京大学第90医院','北京市西城区西什库大街90号',2,'综合医院',NULL,NULL,'image/a1.gif',NULL,'010-6655-90',1,2,2,1,2,2,NULL),(91,'北京大学第91医院','北京市西城区西什库大街91号',89,'综合医院',NULL,NULL,'image/a1.gif',NULL,'010-6655-91',3,3,1,1,3,2,NULL),(92,'北京大学第92医院','北京市西城区西什库大街92号',37,'综合医院',NULL,NULL,'image/a1.gif',NULL,'010-6655-92',3,1,2,2,2,1,NULL),(93,'北京大学第93医院','北京市西城区西什库大街93号',13,'综合医院',NULL,NULL,'image/a1.gif',NULL,'010-6655-93',3,3,2,1,1,2,NULL),(94,'北京大学第94医院','北京市西城区西什库大街94号',58,'综合医院',NULL,NULL,'image/a1.gif',NULL,'010-6655-94',2,3,1,3,1,3,NULL),(95,'北京大学第95医院','北京市西城区西什库大街95号',85,'综合医院',NULL,NULL,'image/a1.gif',NULL,'010-6655-95',1,3,2,2,2,1,NULL),(96,'北京大学第96医院','北京市西城区西什库大街96号',72,'综合医院',NULL,NULL,'image/a1.gif',NULL,'010-6655-96',3,3,1,2,2,2,NULL),(97,'北京大学第97医院','北京市西城区西什库大街97号',36,'综合医院',NULL,NULL,'image/a1.gif',NULL,'010-6655-97',3,1,1,1,1,3,NULL),(98,'北京大学第98医院','北京市西城区西什库大街98号',18,'综合医院',NULL,NULL,'image/a1.gif',NULL,'010-6655-98',3,3,2,1,3,1,NULL),(99,'北京大学第99医院','北京市西城区西什库大街99号',29,'综合医院',NULL,NULL,'image/a1.gif',NULL,'010-6655-99',3,1,2,3,2,1,NULL),(100,'北京大学第100医院','北京市西城区西什库大街100号',90,'综合医院',NULL,NULL,'image/a1.gif',NULL,'010-6655-100',1,3,2,2,1,1,NULL),(101,'2','1',NULL,'2',NULL,NULL,NULL,NULL,'3',1,1,1,1,1,1,NULL),(102,'昆明市第一医院','昆明',NULL,'综合',NULL,NULL,NULL,NULL,'087135',1,1,1,1,1,1,NULL),(103,'TEST1','TEST',NULL,'AAA',NULL,NULL,NULL,NULL,'1232132',1,1,1,1,1,1,NULL),(104,'PPPP','PPP',NULL,'dfsd',NULL,NULL,NULL,NULL,'12323',1,1,1,1,1,1,NULL),(105,'PPPP','safsdf',NULL,'sdfsdf',NULL,NULL,NULL,NULL,'sdfsdf',1,1,1,1,1,1,NULL),(106,'KKK',NULL,NULL,NULL,NULL,NULL,NULL,NULL,NULL,1,1,1,1,1,1,NULL),(107,'ttt','ttt',NULL,'ttt',NULL,NULL,NULL,NULL,'ttt',1,1,1,1,1,1,NULL),(108,'sdfsdf','sdfsdf',NULL,'ewer',NULL,NULL,NULL,NULL,'sdfsdf',1,1,1,1,1,1,'2013-08-07 22:41:12');
/*!40000 ALTER TABLE `account` ENABLE KEYS */;
UNLOCK TABLES;

--
-- Table structure for table `account_pl1`
--

DROP TABLE IF EXISTS `account_pl1`;
/*!40101 SET @saved_cs_client     = @@character_set_client */;
/*!40101 SET character_set_client = utf8 */;
CREATE TABLE `account_pl1` (
  `id` mediumint(9) NOT NULL AUTO_INCREMENT,
  `val` varchar(255) DEFAULT NULL,
  PRIMARY KEY (`id`) USING BTREE
) ENGINE=InnoDB AUTO_INCREMENT=5 DEFAULT CHARSET=utf8;
/*!40101 SET character_set_client = @saved_cs_client */;

--
-- Dumping data for table `account_pl1`
--

LOCK TABLES `account_pl1` WRITE;
/*!40000 ALTER TABLE `account_pl1` DISABLE KEYS */;
INSERT INTO `account_pl1` VALUES (1,'有效'),(2,'无效'),(3,'终止'),(4,'候选');
/*!40000 ALTER TABLE `account_pl1` ENABLE KEYS */;
UNLOCK TABLES;

--
-- Table structure for table `account_pl2`
--

DROP TABLE IF EXISTS `account_pl2`;
/*!40101 SET @saved_cs_client     = @@character_set_client */;
/*!40101 SET character_set_client = utf8 */;
CREATE TABLE `account_pl2` (
  `id` mediumint(9) NOT NULL AUTO_INCREMENT,
  `val` varchar(255) DEFAULT NULL,
  PRIMARY KEY (`id`) USING BTREE
) ENGINE=InnoDB AUTO_INCREMENT=5 DEFAULT CHARSET=utf8;
/*!40101 SET character_set_client = @saved_cs_client */;

--
-- Dumping data for table `account_pl2`
--

LOCK TABLES `account_pl2` WRITE;
/*!40000 ALTER TABLE `account_pl2` DISABLE KEYS */;
INSERT INTO `account_pl2` VALUES (1,'A'),(2,'B'),(3,'C'),(4,'D');
/*!40000 ALTER TABLE `account_pl2` ENABLE KEYS */;
UNLOCK TABLES;

--
-- Table structure for table `account_pl3`
--

DROP TABLE IF EXISTS `account_pl3`;
/*!40101 SET @saved_cs_client     = @@character_set_client */;
/*!40101 SET character_set_client = utf8 */;
CREATE TABLE `account_pl3` (
  `id` mediumint(9) NOT NULL AUTO_INCREMENT,
  `val` varchar(255) DEFAULT NULL,
  PRIMARY KEY (`id`) USING BTREE
) ENGINE=InnoDB AUTO_INCREMENT=3 DEFAULT CHARSET=utf8;
/*!40101 SET character_set_client = @saved_cs_client */;

--
-- Dumping data for table `account_pl3`
--

LOCK TABLES `account_pl3` WRITE;
/*!40000 ALTER TABLE `account_pl3` DISABLE KEYS */;
INSERT INTO `account_pl3` VALUES (1,'是'),(2,'否');
/*!40000 ALTER TABLE `account_pl3` ENABLE KEYS */;
UNLOCK TABLES;

--
-- Table structure for table `account_pl4`
--

DROP TABLE IF EXISTS `account_pl4`;
/*!40101 SET @saved_cs_client     = @@character_set_client */;
/*!40101 SET character_set_client = utf8 */;
CREATE TABLE `account_pl4` (
  `id` mediumint(9) NOT NULL AUTO_INCREMENT,
  `val` varchar(255) DEFAULT NULL,
  PRIMARY KEY (`id`) USING BTREE
) ENGINE=InnoDB AUTO_INCREMENT=4 DEFAULT CHARSET=utf8;
/*!40101 SET character_set_client = @saved_cs_client */;

--
-- Dumping data for table `account_pl4`
--

LOCK TABLES `account_pl4` WRITE;
/*!40000 ALTER TABLE `account_pl4` DISABLE KEYS */;
INSERT INTO `account_pl4` VALUES (1,'一级城市'),(2,'二级城市'),(3,'战略城市');
/*!40000 ALTER TABLE `account_pl4` ENABLE KEYS */;
UNLOCK TABLES;

--
-- Table structure for table `account_pl5`
--

DROP TABLE IF EXISTS `account_pl5`;
/*!40101 SET @saved_cs_client     = @@character_set_client */;
/*!40101 SET character_set_client = utf8 */;
CREATE TABLE `account_pl5` (
  `id` mediumint(9) NOT NULL AUTO_INCREMENT,
  `val` varchar(255) DEFAULT NULL,
  PRIMARY KEY (`id`) USING BTREE
) ENGINE=InnoDB AUTO_INCREMENT=4 DEFAULT CHARSET=utf8;
/*!40101 SET character_set_client = @saved_cs_client */;

--
-- Dumping data for table `account_pl5`
--

LOCK TABLES `account_pl5` WRITE;
/*!40000 ALTER TABLE `account_pl5` DISABLE KEYS */;
INSERT INTO `account_pl5` VALUES (1,'北中国'),(2,'南中国'),(3,'东中国');
/*!40000 ALTER TABLE `account_pl5` ENABLE KEYS */;
UNLOCK TABLES;

--
-- Table structure for table `account_pl6`
--

DROP TABLE IF EXISTS `account_pl6`;
/*!40101 SET @saved_cs_client     = @@character_set_client */;
/*!40101 SET character_set_client = utf8 */;
CREATE TABLE `account_pl6` (
  `id` mediumint(9) NOT NULL AUTO_INCREMENT,
  `val` varchar(255) DEFAULT NULL,
  PRIMARY KEY (`id`) USING BTREE
) ENGINE=InnoDB AUTO_INCREMENT=4 DEFAULT CHARSET=utf8;
/*!40101 SET character_set_client = @saved_cs_client */;

--
-- Dumping data for table `account_pl6`
--

LOCK TABLES `account_pl6` WRITE;
/*!40000 ALTER TABLE `account_pl6` DISABLE KEYS */;
INSERT INTO `account_pl6` VALUES (1,'麻药目标医院'),(2,'慢痛目标医院'),(3,'其他');
/*!40000 ALTER TABLE `account_pl6` ENABLE KEYS */;
UNLOCK TABLES;

--
-- Table structure for table `accountcrmuser`
--

DROP TABLE IF EXISTS `accountcrmuser`;
/*!40101 SET @saved_cs_client     = @@character_set_client */;
/*!40101 SET character_set_client = utf8 */;
CREATE TABLE `accountcrmuser` (
  `id` mediumint(9) NOT NULL AUTO_INCREMENT,
  `accountId` mediumint(9) NOT NULL,
  `crmuserId` mediumint(9) NOT NULL,
  PRIMARY KEY (`id`) USING BTREE,
  UNIQUE KEY `accountId` (`accountId`,`crmuserId`)
) ENGINE=InnoDB AUTO_INCREMENT=2011 DEFAULT CHARSET=utf8;
/*!40101 SET character_set_client = @saved_cs_client */;

--
-- Dumping data for table `accountcrmuser`
--

LOCK TABLES `accountcrmuser` WRITE;
/*!40000 ALTER TABLE `accountcrmuser` DISABLE KEYS */;
INSERT INTO `accountcrmuser` VALUES (15,1,2),(5,1,9),(19,1,12),(9,1,17),(2,1,34),(16,1,36),(17,1,41),(18,1,45),(14,1,49),(11,1,52),(12,1,55),(3,1,59),(8,1,63),(10,1,74),(4,1,80),(20,1,81),(13,1,82),(1,1,89),(7,1,90),(21,2,3),(28,2,20),(35,2,24),(39,2,28),(40,2,30),(37,2,35),(25,2,36),(31,2,38),(23,2,43),(24,2,50),(26,2,56),(22,2,58),(27,2,61),(32,2,74),(29,2,82),(33,2,86),(36,2,94),(34,2,97),(52,3,7),(48,3,10),(41,3,11),(46,3,15),(56,3,23),(49,3,40),(57,3,42),(42,3,50),(50,3,54),(60,3,62),(55,3,68),(47,3,75),(45,3,77),(44,3,81),(43,3,88),(58,3,90),(53,3,96),(59,3,97),(72,4,3),(77,4,8),(63,4,10),(69,4,14),(71,4,20),(62,4,27),(68,4,28),(64,4,35),(61,4,38),(73,4,40),(80,4,51),(78,4,59),(75,4,61),(66,4,66),(65,4,69),(70,4,70),(74,4,84),(76,4,87),(79,4,98),(89,5,7),(98,5,12),(83,5,20),(84,5,21),(94,5,23),(96,5,24),(88,5,29),(81,5,30),(97,5,32),(91,5,42),(95,5,53),(99,5,56),(100,5,57),(85,5,64),(87,5,71),(90,5,72),(92,5,86),(82,5,87),(86,5,92),(101,6,3),(118,6,5),(109,6,11),(112,6,19),(105,6,23),(108,6,35),(107,6,37),(113,6,45),(111,6,46),(104,6,48),(106,6,55),(117,6,70),(116,6,73),(115,6,77),(120,6,79),(102,6,85),(119,6,92),(123,7,4),(135,7,8),(134,7,15),(124,7,17),(122,7,29),(133,7,33),(131,7,36),(139,7,40),(126,7,42),(140,7,54),(132,7,56),(129,7,58),(137,7,62),(127,7,63),(138,7,64),(121,7,73),(130,7,75),(125,7,80),(143,8,3),(149,8,4),(154,8,9),(148,8,18),(151,8,28),(156,8,47),(142,8,61),(145,8,64),(155,8,68),(141,8,71),(159,8,75),(150,8,76),(160,8,80),(157,8,85),(144,8,86),(146,8,92),(147,8,95),(158,8,96),(177,9,3),(164,9,11),(179,9,18),(173,9,19),(170,9,29),(176,9,36),(167,9,42),(168,9,49),(171,9,53),(166,9,59),(162,9,60),(178,9,61),(165,9,65),(172,9,71),(169,9,76),(163,9,88),(175,9,89),(174,9,91),(161,9,97),(195,10,3),(190,10,4),(192,10,6),(185,10,7),(183,10,15),(184,10,17),(191,10,18),(194,10,20),(198,10,21),(187,10,23),(181,10,30),(189,10,32),(197,10,49),(182,10,50),(193,10,51),(196,10,54),(186,10,74),(199,10,82),(188,10,95),(217,11,2),(207,11,32),(203,11,41),(208,11,44),(201,11,46),(205,11,48),(215,11,50),(206,11,52),(216,11,56),(210,11,57),(204,11,59),(214,11,67),(212,11,73),(219,11,74),(213,11,83),(202,11,88),(211,11,91),(209,11,98),(231,12,4),(235,12,5),(236,12,9),(239,12,16),(230,12,20),(240,12,22),(229,12,28),(232,12,49),(228,12,52),(238,12,63),(223,12,65),(224,12,73),(221,12,83),(233,12,88),(225,12,89),(226,12,91),(222,12,95),(227,12,97),(254,13,3),(257,13,8),(242,13,9),(2002,13,14),(247,13,20),(246,13,21),(251,13,35),(253,13,47),(255,13,52),(258,13,61),(259,13,63),(250,13,67),(245,13,72),(241,13,73),(256,13,79),(244,13,81),(248,13,90),(252,13,94),(243,13,97),(271,14,11),(270,14,13),(277,14,14),(263,14,15),(268,14,24),(278,14,26),(266,14,27),(261,14,54),(267,14,55),(272,14,58),(279,14,60),(265,14,63),(262,14,64),(274,14,67),(264,14,69),(280,14,91),(299,15,21),(290,15,25),(294,15,27),(282,15,31),(288,15,35),(284,15,42),(293,15,47),(292,15,48),(285,15,52),(300,15,57),(281,15,62),(287,15,66),(289,15,78),(291,15,85),(297,15,86),(286,15,87),(296,15,88),(283,15,92),(308,16,6),(304,16,8),(313,16,10),(310,16,11),(312,16,12),(319,16,13),(314,16,26),(301,16,27),(307,16,30),(302,16,35),(315,16,45),(311,16,49),(320,16,53),(317,16,72),(309,16,87),(303,16,92),(305,16,94),(322,17,5),(335,17,8),(2006,17,12),(323,17,29),(338,17,30),(333,17,32),(334,17,34),(337,17,38),(324,17,46),(332,17,51),(330,17,53),(325,17,54),(327,17,61),(321,17,63),(331,17,67),(328,17,69),(336,17,78),(340,17,85),(329,17,94),(356,18,7),(343,18,11),(350,18,12),(353,18,15),(347,18,19),(360,18,22),(355,18,26),(359,18,31),(341,18,36),(342,18,39),(348,18,44),(357,18,53),(351,18,60),(345,18,62),(349,18,68),(354,18,72),(352,18,78),(344,18,91),(372,19,5),(376,19,8),(371,19,9),(361,19,10),(364,19,13),(380,19,15),(366,19,16),(370,19,19),(367,19,31),(362,19,35),(379,19,44),(365,19,46),(373,19,53),(363,19,54),(374,19,57),(369,19,78),(368,19,79),(377,19,98),(387,20,4),(395,20,9),(386,20,12),(384,20,13),(390,20,14),(385,20,30),(391,20,31),(393,20,38),(381,20,47),(400,20,51),(398,20,52),(383,20,53),(392,20,61),(389,20,71),(394,20,90),(399,20,94),(388,20,96),(382,20,97),(414,21,2),(404,21,3),(408,21,9),(401,21,13),(415,21,18),(417,21,20),(419,21,22),(412,21,24),(403,21,33),(407,21,35),(405,21,37),(411,21,47),(420,21,49),(413,21,55),(406,21,56),(410,21,62),(409,21,71),(418,21,81),(416,21,84),(402,21,93),(425,22,7),(433,22,12),(434,22,15),(440,22,16),(428,22,18),(422,22,19),(426,22,23),(427,22,28),(421,22,39),(439,22,41),(432,22,59),(430,22,70),(438,22,71),(424,22,77),(429,22,84),(423,22,97),(436,22,98),(457,23,3),(447,23,4),(459,23,9),(460,23,25),(455,23,27),(458,23,31),(441,23,39),(450,23,40),(448,23,45),(444,23,46),(451,23,50),(453,23,51),(443,23,56),(446,23,75),(452,23,85),(454,23,89),(442,23,95),(445,23,98),(461,24,4),(471,24,6),(470,24,7),(474,24,14),(478,24,20),(472,24,29),(465,24,35),(475,24,45),(468,24,48),(469,24,51),(479,24,55),(467,24,67),(462,24,69),(480,24,72),(477,24,79),(466,24,84),(464,24,86),(484,25,4),(498,25,6),(500,25,8),(486,25,14),(495,25,34),(494,25,50),(492,25,51),(489,25,52),(482,25,54),(483,25,59),(490,25,61),(485,25,71),(496,25,72),(491,25,90),(487,25,91),(481,25,98),(511,26,6),(519,26,7),(510,26,9),(518,26,11),(506,26,12),(501,26,17),(512,26,21),(503,26,36),(515,26,42),(520,26,45),(505,26,53),(504,26,54),(517,26,56),(509,26,61),(502,26,63),(514,26,66),(508,26,77),(507,26,94),(521,27,23),(530,27,30),(538,27,31),(534,27,33),(529,27,44),(523,27,47),(528,27,50),(525,27,53),(533,27,59),(522,27,61),(531,27,63),(527,27,65),(536,27,68),(540,27,72),(535,27,83),(526,27,86),(539,27,87),(556,28,5),(558,28,13),(550,28,27),(560,28,37),(553,28,41),(545,28,46),(547,28,58),(541,28,59),(554,28,63),(548,28,67),(546,28,71),(557,28,72),(544,28,76),(551,28,79),(542,28,82),(543,28,85),(552,28,88),(549,28,91),(568,29,2),(580,29,4),(577,29,6),(579,29,10),(564,29,12),(578,29,17),(571,29,18),(563,29,28),(569,29,44),(574,29,47),(570,29,51),(565,29,52),(573,29,60),(576,29,61),(562,29,65),(566,29,68),(575,29,77),(561,29,86),(572,29,98),(596,30,6),(587,30,15),(595,30,20),(598,30,22),(590,30,30),(583,30,32),(582,30,37),(600,30,41),(588,30,44),(585,30,53),(593,30,60),(581,30,78),(584,30,79),(591,30,83),(597,30,93),(586,30,98),(615,31,6),(602,31,14),(604,31,17),(613,31,20),(603,31,25),(611,31,27),(619,31,30),(618,31,32),(608,31,33),(609,31,34),(616,31,37),(601,31,46),(620,31,54),(605,31,61),(607,31,72),(614,31,77),(606,31,90),(612,31,97),(621,32,16),(629,32,23),(631,32,27),(625,32,28),(640,32,32),(637,32,33),(624,32,34),(636,32,35),(638,32,44),(628,32,45),(622,32,54),(626,32,65),(639,32,67),(634,32,68),(632,32,71),(623,32,76),(627,32,83),(646,33,3),(653,33,4),(652,33,6),(650,33,16),(656,33,19),(647,33,23),(660,33,28),(645,33,42),(641,33,49),(651,33,54),(658,33,62),(655,33,69),(654,33,74),(649,33,76),(644,33,83),(642,33,88),(643,33,97),(669,34,12),(675,34,13),(667,34,24),(662,34,28),(673,34,30),(664,34,33),(668,34,39),(661,34,45),(665,34,46),(672,34,47),(666,34,48),(680,34,49),(670,34,52),(678,34,61),(674,34,72),(671,34,80),(676,34,82),(663,34,90),(693,35,5),(683,35,10),(2005,35,11),(2001,35,12),(2004,35,15),(695,35,17),(689,35,18),(697,35,29),(686,35,43),(681,35,48),(684,35,49),(691,35,55),(687,35,57),(699,35,60),(694,35,64),(685,35,68),(692,35,69),(682,35,85),(688,35,88),(690,35,95),(696,35,97),(704,36,5),(713,36,7),(705,36,8),(712,36,9),(711,36,12),(717,36,14),(701,36,17),(710,36,21),(707,36,25),(714,36,63),(708,36,67),(702,36,73),(716,36,75),(718,36,84),(706,36,89),(720,36,93),(703,36,96),(709,36,97),(726,37,4),(729,37,8),(734,37,14),(740,37,20),(732,37,24),(731,37,27),(735,37,34),(730,37,35),(725,37,57),(721,37,62),(722,37,67),(727,37,73),(736,37,79),(728,37,89),(733,37,90),(738,37,97),(723,37,98),(754,38,2),(759,38,7),(760,38,10),(749,38,11),(758,38,18),(751,38,26),(750,38,41),(752,38,51),(744,38,54),(741,38,73),(742,38,77),(748,38,78),(753,38,81),(755,38,82),(757,38,87),(743,38,88),(745,38,90),(747,38,92),(746,38,93),(778,39,9),(769,39,11),(761,39,15),(771,39,21),(762,39,23),(772,39,25),(776,39,26),(767,39,29),(774,39,33),(773,39,37),(768,39,44),(779,39,47),(770,39,57),(780,39,62),(766,39,63),(765,39,64),(764,39,68),(763,39,82),(777,39,83),(775,39,93),(795,40,7),(786,40,14),(794,40,18),(800,40,23),(790,40,24),(782,40,28),(796,40,31),(789,40,40),(788,40,45),(797,40,46),(785,40,51),(793,40,57),(799,40,62),(787,40,72),(791,40,80),(798,40,87),(783,40,89),(792,40,91),(781,40,92),(784,40,95),(818,41,2),(810,41,3),(802,41,12),(807,41,29),(809,41,30),(814,41,31),(808,41,32),(820,41,40),(817,41,47),(803,41,52),(815,41,53),(805,41,56),(811,41,57),(806,41,59),(812,41,60),(816,41,67),(819,41,73),(801,41,75),(804,41,92),(824,42,3),(830,42,21),(838,42,22),(826,42,29),(829,42,40),(825,42,59),(822,42,61),(821,42,75),(823,42,83),(837,42,84),(828,42,85),(833,42,86),(832,42,87),(827,42,93),(848,43,4),(847,43,7),(858,43,11),(851,43,12),(846,43,13),(859,43,15),(854,43,22),(855,43,25),(856,43,29),(842,43,52),(850,43,58),(843,43,61),(849,43,63),(845,43,64),(860,43,79),(852,43,81),(844,43,84),(841,43,89),(876,44,9),(873,44,15),(875,44,19),(866,44,36),(865,44,39),(877,44,49),(878,44,51),(874,44,52),(869,44,58),(868,44,59),(863,44,60),(880,44,67),(871,44,73),(864,44,74),(861,44,84),(862,44,85),(872,44,92),(870,44,96),(895,45,2),(900,45,4),(890,45,7),(892,45,8),(896,45,21),(882,45,22),(893,45,24),(888,45,28),(881,45,36),(883,45,42),(884,45,45),(891,45,58),(894,45,60),(898,45,68),(897,45,70),(887,45,72),(889,45,73),(899,45,81),(885,45,84),(886,45,88),(913,46,2),(912,46,10),(910,46,11),(918,46,12),(901,46,14),(919,46,24),(914,46,32),(916,46,34),(909,46,41),(902,46,44),(904,46,48),(908,46,52),(911,46,53),(903,46,67),(917,46,69),(920,46,77),(907,46,78),(915,46,82),(931,47,4),(932,47,16),(940,47,21),(924,47,25),(938,47,26),(922,47,27),(937,47,34),(929,47,36),(923,47,38),(926,47,39),(927,47,40),(930,47,52),(936,47,58),(921,47,74),(935,47,77),(925,47,86),(939,47,92),(959,48,3),(957,48,17),(942,48,19),(946,48,28),(944,48,32),(958,48,39),(954,48,42),(960,48,49),(949,48,54),(953,48,57),(952,48,63),(947,48,71),(943,48,72),(945,48,74),(951,48,78),(950,48,90),(956,48,91),(955,48,96),(941,48,97),(962,49,5),(969,49,6),(975,49,19),(970,49,21),(973,49,31),(971,49,34),(965,49,35),(972,49,43),(979,49,49),(967,49,52),(978,49,60),(966,49,64),(977,49,66),(964,49,67),(980,49,85),(974,49,87),(961,49,93),(963,49,97),(986,50,10),(982,50,15),(994,50,22),(992,50,24),(990,50,29),(988,50,32),(1000,50,36),(997,50,37),(985,50,41),(987,50,51),(983,50,60),(981,50,67),(991,50,77),(996,50,84),(984,50,86),(998,50,88),(999,50,93),(989,50,97),(1017,51,6),(1020,51,12),(1018,51,15),(1001,51,21),(1012,51,27),(1010,51,42),(1005,51,47),(1003,51,49),(1004,51,51),(1002,51,55),(1006,51,56),(1011,51,66),(1007,51,73),(1008,51,80),(1014,51,81),(1016,51,96),(1009,51,97),(1025,52,3),(1029,52,13),(1032,52,18),(1039,52,20),(1031,52,23),(1023,52,25),(1021,52,38),(1037,52,40),(1026,52,41),(1028,52,44),(1040,52,55),(1022,52,73),(1030,52,74),(1033,52,79),(1036,52,80),(1024,52,88),(1027,52,89),(1034,52,98),(1042,53,2),(1049,53,5),(1058,53,12),(1054,53,18),(1043,53,20),(1047,53,33),(1044,53,34),(1059,53,41),(1045,53,43),(1048,53,52),(1050,53,53),(1052,53,59),(1056,53,65),(1051,53,69),(1041,53,74),(1060,53,88),(1046,53,90),(1057,53,96),(1075,54,4),(1061,54,15),(1079,54,17),(1078,54,26),(1070,54,27),(1063,54,30),(1077,54,33),(1076,54,35),(1072,54,44),(1073,54,51),(1065,54,53),(1067,54,55),(1066,54,68),(1074,54,81),(1062,54,84),(1069,54,86),(1068,54,90),(1064,54,97),(1080,54,98),(1090,55,2),(1081,55,8),(1096,55,17),(1100,55,19),(1082,55,21),(1083,55,23),(1094,55,27),(1099,55,34),(1088,55,38),(1085,55,40),(1089,55,43),(1098,55,46),(1093,55,58),(1092,55,74),(1086,55,76),(1087,55,87),(1091,55,91),(1095,55,93),(1115,56,2),(1111,56,8),(1119,56,10),(1117,56,20),(1116,56,37),(1114,56,40),(1105,56,49),(1108,56,53),(1109,56,54),(1113,56,55),(1103,56,60),(1120,56,69),(1110,56,71),(1118,56,72),(1101,56,77),(1104,56,78),(1112,56,88),(1102,56,96),(1107,56,98),(1130,57,6),(1121,57,17),(1125,57,19),(1122,57,28),(1124,57,34),(1131,57,40),(1136,57,44),(1132,57,46),(1134,57,53),(1129,57,62),(1128,57,64),(1133,57,67),(1135,57,72),(1126,57,79),(1138,57,82),(1137,57,85),(1123,57,94),(1127,57,95),(1144,58,5),(1146,58,7),(1154,58,9),(1147,58,38),(1141,58,40),(1157,58,43),(1152,58,50),(1160,58,54),(1145,58,55),(1158,58,59),(1151,58,63),(1143,58,66),(1159,58,67),(1142,58,68),(1155,58,78),(1150,58,79),(1148,58,84),(1153,58,85),(1149,58,96),(1164,59,8),(1176,59,19),(1168,59,21),(1169,59,29),(1170,59,35),(1161,59,38),(1180,59,40),(1173,59,45),(1163,59,47),(1171,59,52),(1165,59,56),(1178,59,61),(1175,59,68),(1174,59,75),(1162,59,80),(1166,59,83),(1172,59,86),(1167,59,87),(1179,59,97),(1182,60,2),(1189,60,9),(1181,60,10),(1196,60,11),(1193,60,30),(1195,60,41),(1186,60,42),(1194,60,48),(1184,60,52),(1198,60,55),(1191,60,66),(1200,60,70),(1192,60,72),(1188,60,74),(1183,60,80),(1185,60,86),(1190,60,91),(1199,60,97),(1205,61,10),(1217,61,13),(1218,61,14),(1213,61,22),(1216,61,24),(1215,61,28),(1202,61,29),(1209,61,46),(1204,61,52),(1206,61,66),(1214,61,67),(1201,61,76),(1220,61,79),(1207,61,80),(1208,61,84),(1212,61,86),(1203,61,87),(1210,61,90),(1211,61,92),(1236,62,19),(1230,62,24),(1234,62,26),(1222,62,28),(1226,62,33),(1232,62,36),(1237,62,39),(1240,62,40),(1227,62,41),(1238,62,48),(1233,62,69),(1223,62,76),(1239,62,80),(1228,62,82),(1225,62,84),(1224,62,86),(1221,62,88),(1229,62,96),(1241,63,2),(1248,63,6),(1252,63,12),(1243,63,19),(1250,63,20),(1249,63,28),(1255,63,29),(1242,63,49),(1253,63,52),(1260,63,53),(1259,63,57),(1256,63,61),(1251,63,63),(1246,63,68),(1244,63,69),(1245,63,74),(1247,63,77),(1257,63,91),(1274,64,3),(1270,64,10),(1279,64,12),(1265,64,15),(1275,64,17),(1269,64,19),(1261,64,25),(1267,64,33),(1272,64,39),(1277,64,53),(1264,64,63),(1280,64,68),(1262,64,70),(1266,64,73),(1263,64,76),(1273,64,82),(1271,64,89),(1278,64,97),(1295,65,2),(1288,65,8),(1283,65,10),(1281,65,24),(1282,65,26),(1286,65,30),(1293,65,33),(1292,65,41),(1287,65,47),(1300,65,48),(1296,65,64),(1291,65,65),(1290,65,67),(1294,65,72),(1298,65,76),(1289,65,81),(1285,65,82),(1284,65,89),(1299,65,91),(1305,66,2),(1306,66,4),(1304,66,14),(1318,66,17),(1311,66,21),(1317,66,30),(1319,66,32),(1308,66,33),(1303,66,35),(1301,66,45),(1320,66,47),(1316,66,51),(1315,66,64),(1307,66,68),(1313,66,74),(1312,66,79),(1302,66,83),(1323,67,9),(1329,67,11),(1331,67,16),(1335,67,31),(1321,67,49),(1334,67,52),(1336,67,57),(1332,67,65),(1327,67,69),(1322,67,73),(1337,67,76),(1330,67,82),(1326,67,84),(1333,67,85),(1324,67,89),(1338,67,92),(1353,68,7),(1357,68,8),(1354,68,13),(1356,68,14),(1355,68,19),(1352,68,24),(1350,68,36),(1342,68,39),(1346,68,41),(1345,68,44),(1351,68,46),(1359,68,53),(1358,68,54),(1343,68,60),(1349,68,74),(1347,68,75),(1341,68,78),(1348,68,81),(1344,68,91),(1362,69,3),(1369,69,8),(1379,69,9),(1375,69,14),(1372,69,17),(1370,69,20),(1373,69,30),(1368,69,33),(1363,69,42),(1366,69,56),(1376,69,59),(1361,69,60),(1371,69,63),(1365,69,65),(1364,69,75),(1374,69,78),(1377,69,91),(1380,69,94),(1367,69,97),(1393,70,3),(1392,70,4),(1384,70,6),(1400,70,9),(1391,70,19),(1382,70,26),(1381,70,35),(1398,70,45),(1383,70,48),(1396,70,49),(1385,70,58),(1390,70,61),(1388,70,64),(1397,70,71),(1395,70,72),(1387,70,77),(1389,70,80),(1399,70,95),(1386,70,96),(1403,71,11),(1414,71,16),(1405,71,20),(1412,71,21),(1409,71,27),(1415,71,36),(1416,71,43),(1420,71,45),(1404,71,51),(1401,71,53),(1410,71,67),(1408,71,74),(1413,71,78),(1407,71,81),(1402,71,83),(1406,71,86),(1418,71,87),(1417,71,98),(1439,72,7),(1426,72,8),(1432,72,11),(1434,72,19),(1438,72,29),(1424,72,30),(1423,72,33),(1425,72,38),(1440,72,39),(1430,72,45),(1433,72,52),(1436,72,68),(1435,72,74),(1428,72,76),(1431,72,78),(1422,72,80),(1421,72,82),(1437,72,89),(1429,72,91),(1427,72,92),(1446,73,3),(1460,73,4),(1444,73,19),(1447,73,22),(1458,73,23),(1452,73,24),(1459,73,36),(1448,73,39),(1449,73,44),(1453,73,56),(1450,73,62),(1442,73,64),(1441,73,68),(1454,73,69),(1443,73,75),(1445,73,79),(1455,73,92),(1471,74,5),(1470,74,7),(1464,74,14),(1476,74,28),(1479,74,30),(1468,74,38),(1467,74,41),(1480,74,43),(1469,74,45),(1472,74,48),(1473,74,49),(1462,74,55),(1478,74,65),(1475,74,72),(1461,74,75),(1466,74,78),(1477,74,81),(1463,74,89),(1493,75,14),(1483,75,16),(1490,75,22),(1489,75,34),(1482,75,37),(1485,75,44),(1496,75,46),(1491,75,64),(1494,75,65),(1495,75,67),(1481,75,70),(1498,75,71),(1500,75,77),(1492,75,79),(1484,75,80),(1487,75,81),(1486,75,82),(1497,75,87),(1509,76,2),(1513,76,3),(1504,76,7),(1518,76,11),(1511,76,21),(1505,76,25),(1508,76,36),(1503,76,41),(1519,76,46),(1517,76,48),(1512,76,71),(1520,76,78),(1501,76,81),(1502,76,85),(1506,76,89),(1510,76,91),(1514,76,92),(1516,76,94),(1526,77,4),(1535,77,21),(1537,77,25),(1528,77,27),(1529,77,42),(1532,77,45),(1522,77,47),(1524,77,48),(1531,77,62),(1540,77,64),(1521,77,69),(1536,77,70),(1523,77,77),(1527,77,80),(1539,77,94),(1530,77,97),(1551,78,2),(1557,78,16),(1560,78,18),(1554,78,30),(1548,78,34),(1552,78,36),(1550,78,39),(1542,78,41),(1547,78,43),(1541,78,44),(1546,78,47),(1555,78,48),(1544,78,55),(1559,78,94),(1549,78,96),(1545,78,97),(1567,79,6),(1576,79,13),(1568,79,14),(1574,79,16),(1569,79,17),(1579,79,23),(1571,79,27),(1565,79,32),(1562,79,33),(1564,79,46),(1563,79,56),(1566,79,57),(1580,79,74),(1561,79,84),(1570,79,86),(1575,79,91),(1577,79,93),(1572,79,94),(1600,80,12),(1592,80,13),(1588,80,27),(1595,80,30),(1582,80,45),(1599,80,52),(1591,80,54),(1583,80,62),(1581,80,63),(1587,80,71),(1596,80,73),(1585,80,75),(1586,80,77),(1590,80,81),(1584,80,89),(1593,80,97),(1614,81,4),(1604,81,9),(1609,81,36),(1616,81,38),(1607,81,39),(1608,81,40),(1619,81,59),(1612,81,65),(1611,81,66),(1613,81,75),(1603,81,77),(1606,81,78),(1610,81,85),(1618,81,92),(1602,81,93),(1605,81,96),(1601,81,98),(1622,82,11),(1639,82,18),(1633,82,32),(1637,82,34),(1625,82,40),(1635,82,44),(1624,82,45),(1627,82,46),(1636,82,48),(1632,82,60),(1626,82,64),(1628,82,70),(1630,82,83),(1638,82,84),(1621,82,85),(1631,82,86),(1623,82,88),(1660,83,14),(1650,83,17),(1647,83,18),(1656,83,23),(1646,83,27),(1657,83,33),(1642,83,40),(1649,83,43),(1653,83,55),(1641,83,62),(1655,83,63),(1643,83,78),(1652,83,80),(1645,83,86),(1644,83,89),(1654,83,94),(1671,84,2),(1666,84,10),(1662,84,18),(1664,84,22),(1667,84,23),(1674,84,25),(1668,84,26),(1670,84,31),(1678,84,32),(1677,84,42),(1661,84,43),(1679,84,57),(1669,84,59),(1665,84,61),(1672,84,62),(1676,84,70),(1680,84,85),(1675,84,92),(1663,84,93),(1691,85,3),(1697,85,6),(1681,85,18),(1685,85,23),(1684,85,24),(1700,85,27),(1695,85,31),(1693,85,36),(1698,85,45),(1690,85,63),(1689,85,74),(1688,85,80),(1682,85,84),(1686,85,89),(1683,85,92),(1715,86,11),(1710,86,24),(1705,86,25),(1711,86,30),(1716,86,31),(1714,86,36),(1702,86,44),(1701,86,48),(1712,86,49),(1717,86,52),(1703,86,58),(1718,86,74),(1704,86,79),(1713,86,81),(1707,86,85),(1719,86,86),(1708,86,89),(1724,87,11),(1728,87,19),(1733,87,25),(1737,87,27),(1729,87,36),(1731,87,44),(1740,87,46),(1726,87,53),(1732,87,59),(1735,87,65),(1730,87,66),(1722,87,70),(1727,87,72),(1736,87,77),(1721,87,81),(1734,87,85),(1725,87,87),(1739,87,90),(1723,87,91),(1746,88,12),(1744,88,13),(1742,88,14),(1748,88,23),(1749,88,25),(1753,88,44),(1745,88,61),(1751,88,63),(1743,88,66),(1757,88,69),(1747,88,71),(1750,88,77),(1752,88,79),(1760,88,81),(1759,88,82),(1758,88,84),(1755,88,86),(1741,88,90),(1754,88,92),(1761,89,9),(1773,89,11),(1767,89,19),(1764,89,23),(1762,89,36),(1777,89,47),(1780,89,49),(1774,89,51),(1765,89,54),(1763,89,56),(1771,89,62),(1779,89,64),(1769,89,76),(1776,89,79),(1768,89,82),(1766,89,87),(1770,89,89),(1800,90,5),(1798,90,6),(1785,90,17),(1782,90,19),(1786,90,25),(1784,90,33),(1787,90,34),(1789,90,37),(1794,90,49),(1781,90,51),(1788,90,53),(1792,90,61),(1797,90,74),(1783,90,78),(1790,90,79),(1799,90,86),(1793,90,94),(1791,90,96),(1796,90,97),(1812,91,3),(1811,91,6),(1813,91,7),(1818,91,12),(1820,91,26),(1817,91,33),(1815,91,40),(1803,91,42),(1810,91,44),(1819,91,47),(1805,91,54),(1808,91,59),(1809,91,63),(1802,91,74),(1801,91,78),(1814,91,81),(1816,91,82),(1806,91,94),(1832,92,5),(1833,92,6),(1839,92,13),(1826,92,14),(1821,92,31),(1840,92,33),(1829,92,38),(1823,92,51),(1822,92,54),(1825,92,63),(1835,92,67),(1828,92,69),(1831,92,88),(1824,92,89),(1827,92,90),(1830,92,95),(1843,93,3),(1846,93,11),(1855,93,14),(1851,93,19),(1854,93,21),(1847,93,23),(1856,93,28),(1841,93,40),(1842,93,41),(1844,93,42),(1850,93,44),(1858,93,49),(1852,93,51),(1857,93,60),(1860,93,63),(1848,93,80),(1845,93,85),(1853,93,88),(1868,94,3),(1866,94,6),(1870,94,15),(1878,94,21),(1873,94,25),(1871,94,33),(1875,94,37),(1862,94,42),(1865,94,43),(1874,94,48),(1876,94,54),(1872,94,61),(1879,94,80),(1861,94,81),(1863,94,85),(1880,94,87),(1877,94,93),(1867,94,94),(1864,94,97),(1895,95,9),(1886,95,19),(1890,95,22),(1893,95,30),(1889,95,40),(1898,95,45),(1899,95,54),(1887,95,56),(1883,95,57),(1894,95,60),(1881,95,64),(1888,95,68),(1896,95,75),(1897,95,76),(1884,95,82),(1891,95,85),(1885,95,88),(1882,95,91),(1903,96,4),(1916,96,6),(1912,96,8),(1905,96,13),(1904,96,15),(1908,96,31),(1914,96,40),(1902,96,51),(1910,96,52),(1909,96,54),(1915,96,55),(1918,96,57),(1901,96,74),(1907,96,77),(1911,96,83),(1906,96,86),(1920,96,91),(1913,96,94),(1921,97,2),(1939,97,4),(1927,97,5),(1925,97,10),(1932,97,14),(1936,97,19),(1934,97,22),(1931,97,23),(1930,97,28),(1923,97,38),(1928,97,42),(1933,97,46),(1940,97,70),(1924,97,76),(1926,97,78),(1929,97,82),(1922,97,94),(1937,97,97),(1950,98,2),(1945,98,3),(1958,98,8),(1954,98,11),(1959,98,12),(1952,98,22),(1949,98,35),(1941,98,37),(1942,98,39),(1948,98,41),(1953,98,60),(1955,98,63),(1946,98,65),(1943,98,76),(1951,98,83),(1960,98,92),(1962,99,14),(1972,99,22),(1973,99,25),(1963,99,26),(1966,99,34),(1978,99,36),(1968,99,37),(1961,99,54),(1975,99,65),(1969,99,66),(1965,99,67),(1979,99,68),(1964,99,71),(1976,99,73),(1967,99,91),(1980,99,92),(1974,99,94),(1984,100,11),(1998,100,12),(1989,100,13),(1992,100,14),(1996,100,16),(1999,100,34),(1985,100,42),(1981,100,43),(1997,100,46),(1988,100,49),(1993,100,55),(1991,100,56),(1994,100,58),(1982,100,59),(1995,100,67),(2000,100,74),(1986,100,85),(1983,100,91),(2007,105,20),(2008,106,20),(2009,107,20),(2010,108,20);
/*!40000 ALTER TABLE `accountcrmuser` ENABLE KEYS */;
UNLOCK TABLES;

--
-- Table structure for table `activity`
--

DROP TABLE IF EXISTS `activity`;
/*!40101 SET @saved_cs_client     = @@character_set_client */;
/*!40101 SET character_set_client = utf8 */;
CREATE TABLE `activity` (
  `id` mediumint(9) NOT NULL AUTO_INCREMENT,
  `crmuserId` mediumint(9) NOT NULL,
  `endtime` bigint(20) DEFAULT NULL,
  `starttime` bigint(20) NOT NULL DEFAULT '0',
  `title` varchar(128) DEFAULT NULL,
  `activity_type` mediumint(9) DEFAULT NULL,
  `contactId` mediumint(9) DEFAULT NULL,
  `status` mediumint(9) DEFAULT NULL,
  `whenadded` datetime DEFAULT NULL,
  PRIMARY KEY (`id`) USING BTREE
) ENGINE=InnoDB AUTO_INCREMENT=21 DEFAULT CHARSET=utf8;
/*!40101 SET character_set_client = @saved_cs_client */;

--
-- Dumping data for table `activity`
--

LOCK TABLES `activity` WRITE;
/*!40000 ALTER TABLE `activity` DISABLE KEYS */;
INSERT INTO `activity` VALUES (15,20,1372780800000,1372780800000,'拜访',1,21,2,NULL),(16,20,1373385600000,1373385600000,'拜访',1,24,2,NULL),(17,20,1373904000000,1373904000000,'拜访',1,69,2,NULL),(18,20,1372694400000,1372694400000,'拜访',1,21,1,NULL),(19,20,1375027200000,1375027200000,'拜访',1,60,2,NULL),(20,20,1375718400000,1375718400000,'拜访',1,21,1,NULL);
/*!40000 ALTER TABLE `activity` ENABLE KEYS */;
UNLOCK TABLES;

--
-- Table structure for table `activity_status`
--

DROP TABLE IF EXISTS `activity_status`;
/*!40101 SET @saved_cs_client     = @@character_set_client */;
/*!40101 SET character_set_client = utf8 */;
CREATE TABLE `activity_status` (
  `id` mediumint(9) NOT NULL AUTO_INCREMENT,
  `val` varchar(255) DEFAULT NULL,
  PRIMARY KEY (`id`) USING BTREE
) ENGINE=InnoDB AUTO_INCREMENT=3 DEFAULT CHARSET=utf8;
/*!40101 SET character_set_client = @saved_cs_client */;

--
-- Dumping data for table `activity_status`
--

LOCK TABLES `activity_status` WRITE;
/*!40000 ALTER TABLE `activity_status` DISABLE KEYS */;
INSERT INTO `activity_status` VALUES (1,'计划'),(2,'完成');
/*!40000 ALTER TABLE `activity_status` ENABLE KEYS */;
UNLOCK TABLES;

--
-- Table structure for table `activity_types`
--

DROP TABLE IF EXISTS `activity_types`;
/*!40101 SET @saved_cs_client     = @@character_set_client */;
/*!40101 SET character_set_client = utf8 */;
CREATE TABLE `activity_types` (
  `id` mediumint(9) NOT NULL AUTO_INCREMENT,
  `val` varchar(255) DEFAULT NULL,
  PRIMARY KEY (`id`) USING BTREE
) ENGINE=InnoDB AUTO_INCREMENT=4 DEFAULT CHARSET=utf8;
/*!40101 SET character_set_client = @saved_cs_client */;

--
-- Dumping data for table `activity_types`
--

LOCK TABLES `activity_types` WRITE;
/*!40000 ALTER TABLE `activity_types` DISABLE KEYS */;
INSERT INTO `activity_types` VALUES (1,'拜访'),(2,'外部会议'),(3,'内部会议');
/*!40000 ALTER TABLE `activity_types` ENABLE KEYS */;
UNLOCK TABLES;

--
-- Table structure for table `city`
--

DROP TABLE IF EXISTS `city`;
/*!40101 SET @saved_cs_client     = @@character_set_client */;
/*!40101 SET character_set_client = utf8 */;
CREATE TABLE `city` (
  `id` mediumint(9) NOT NULL AUTO_INCREMENT,
  `name` varchar(255) NOT NULL,
  `provinceId` varchar(255) NOT NULL,
  PRIMARY KEY (`id`) USING BTREE
) ENGINE=InnoDB AUTO_INCREMENT=98 DEFAULT CHARSET=utf8;
/*!40101 SET character_set_client = @saved_cs_client */;

--
-- Dumping data for table `city`
--

LOCK TABLES `city` WRITE;
/*!40000 ALTER TABLE `city` DISABLE KEYS */;
INSERT INTO `city` VALUES (1,'北京','1'),(2,'天津市','2'),(3,'石家庄市','3'),(4,'唐山市','3'),(5,'秦皇岛市','3'),(6,'邯郸市','3'),(7,'邢台市','3'),(8,'保定市','3'),(9,'张家口市','3'),(10,'承德市','3'),(11,'沧州市','3'),(12,'衡水市','3'),(13,'太原市','4'),(14,'大同市','4'),(15,'阳泉市','4'),(16,'长治市','4'),(17,'晋城市','4'),(18,'朔州市','4'),(19,'忻州市','4'),(20,'吕梁市','4'),(21,'晋中市','4'),(22,'呼和浩特市','5'),(23,'包头市','5'),(24,'乌海市','5'),(25,'赤峰市','5'),(26,'呼伦贝尔市','5'),(27,'兴安盟','5'),(28,'通辽市','5'),(29,'锡林郭勒盟','5'),(30,'乌兰察布盟','5'),(31,'沈阳市','6'),(32,'大连市','6'),(33,'鞍山市','6'),(34,'抚顺市','6'),(35,'丹东市','6'),(36,'锦州市','6'),(37,'阜新市','6'),(38,'辽阳市','6'),(39,'盘锦市','6'),(40,'铁岭市','6'),(41,'朝阳市','6'),(42,'长春市','7'),(43,'吉林市','7'),(44,'四平市','7'),(45,'四平市','7'),(46,'辽源市','7'),(47,'通化市','7'),(48,'白山市','7'),(49,'松原市','7'),(50,'白城市','7'),(51,'延边朝鲜族自治州','7'),(52,'长沙市','8'),(53,'株洲市','8'),(54,'湘潭市','8'),(55,'衡阳市','8'),(56,'邵阳市','8'),(57,'岳阳市','8'),(58,'张家界市','8'),(59,'郴州市','8'),(60,'永州市','8'),(61,'怀化市','8'),(62,'海口市','9'),(63,'三亚市','9'),(64,'重庆市','10'),(65,'成都市','11'),(66,'自贡市','11'),(67,'攀枝花市','11'),(68,'贵阳市','12'),(69,'六盘水市','12'),(70,'遵义市','12'),(71,'昆明市','13'),(72,'曲靖市','13'),(73,'玉溪市','13'),(74,'拉萨市','14'),(75,'昌都地区','14'),(76,'山南地区','14'),(77,'兰州市','15'),(78,'嘉峪关市','15'),(79,'金昌市','15'),(80,'西宁市','16'),(81,'海东地区','16'),(82,'海北藏族自治州','16'),(83,'银川市','17'),(84,'石嘴山市','17'),(85,'吴忠市','17'),(86,'乌鲁木齐市','18'),(87,'克拉玛依市','18'),(88,'吐鲁番地区','18'),(89,'南宁市','19'),(90,'柳州市','19'),(91,'桂林市','19'),(92,'武汉市','20'),(93,'黄石市','20'),(94,'十堰市','20'),(95,'郑州市','21'),(96,'开封市','21'),(97,'洛阳市','21');
/*!40000 ALTER TABLE `city` ENABLE KEYS */;
UNLOCK TABLES;

--
-- Table structure for table `contact`
--

DROP TABLE IF EXISTS `contact`;
/*!40101 SET @saved_cs_client     = @@character_set_client */;
/*!40101 SET character_set_client = utf8 */;
CREATE TABLE `contact` (
  `id` mediumint(9) NOT NULL AUTO_INCREMENT,
  `name` varchar(255) NOT NULL,
  `branch` varchar(255) DEFAULT NULL,
  `department` varchar(255) DEFAULT NULL,
  `duty` varchar(255) DEFAULT NULL,
  `gender` varchar(255) DEFAULT NULL,
  `mobilephone` varchar(255) DEFAULT NULL,
  `tel_work` varchar(255) DEFAULT NULL,
  `title` varchar(255) DEFAULT NULL,
  `accountId` mediumint(9) NOT NULL,
  `sex` mediumint(9) DEFAULT NULL,
  `pl1` mediumint(9) DEFAULT NULL,
  `pl2` mediumint(9) DEFAULT NULL,
  `pl3` mediumint(9) DEFAULT NULL,
  `pl4` mediumint(9) DEFAULT NULL,
  `pl5` mediumint(9) DEFAULT NULL,
  `pl6` mediumint(9) DEFAULT NULL,
  `visiting_target` mediumint(9) DEFAULT NULL,
  `whenadded` datetime DEFAULT NULL,
  PRIMARY KEY (`id`) USING BTREE
) ENGINE=InnoDB AUTO_INCREMENT=83 DEFAULT CHARSET=utf8;
/*!40101 SET character_set_client = @saved_cs_client */;

--
-- Dumping data for table `contact`
--

LOCK TABLES `contact` WRITE;
/*!40000 ALTER TABLE `contact` DISABLE KEYS */;
INSERT INTO `contact` VALUES (1,'张30','移动','科技部','公关','男','1350109530','86-8492930','主治医师',15,1,4,1,4,1,1,4,4,NULL),(2,'张31','移动','科技部','公关','男','1350109531','86-8492931','主治医师',19,1,7,2,2,3,1,3,3,NULL),(3,'张32','移动','科技部','公关','男','1350109532','86-8492932','主治医师',86,1,10,7,3,2,1,2,2,NULL),(4,'张33','移动','科技部','公关','男','1350109533','86-8492933','主治医师',13,1,3,6,7,4,1,4,4,NULL),(5,'张34','移动','科技部','公关','男','1350109534','86-8492934','主治医师',18,1,3,5,7,3,1,4,4,NULL),(6,'张35','移动','科技部','公关','男','1350109535','86-8492935','主治医师',78,1,4,3,6,2,1,2,2,NULL),(7,'张36','移动','科技部','公关','男','1350109536','86-8492936','主治医师',37,1,4,1,6,3,1,2,2,NULL),(8,'张37','移动','科技部','公关','男','1350109537','86-8492937','主治医师',47,1,10,1,7,3,1,4,4,NULL),(9,'张38','移动','科技部','公关','男','1350109538','86-8492938','主治医师',62,1,2,5,3,1,1,2,2,NULL),(10,'张39','移动','科技部','公关','男','1350109539','86-8492939','主治医师',21,1,9,4,6,2,1,2,2,NULL),(11,'张310','移动','科技部','公关','男','13501095310','86-84929310','主治医师',64,1,2,7,4,3,1,4,4,NULL),(12,'张311','移动','科技部','公关','男','13501095311','86-84929311','主治医师',34,1,5,3,1,1,1,3,3,NULL),(13,'张312','移动','科技部','公关','男','13501095312','86-84929312','主治医师',46,1,4,4,6,5,1,2,2,NULL),(14,'张313','移动','科技部','公关','男','13501095313','86-84929313','主治医师',18,1,1,3,1,5,1,3,3,NULL),(15,'张314','移动','科技部','公关','男','13501095314','86-84929314','主治医师',70,1,3,3,1,1,1,3,3,NULL),(16,'张315','移动','科技部','公关','男','13501095315','86-84929315','主治医师',37,1,4,2,6,4,1,2,2,NULL),(17,'张316','移动','科技部','公关','男','13501095316','86-84929316','主治医师',90,1,9,3,2,2,1,3,3,NULL),(18,'张317','移动','科技部','公关','男','13501095317','86-84929317','主治医师',41,1,5,2,1,5,1,3,3,NULL),(19,'张318','移动','科技部','公关','男','13501095318','86-84929318','主治医师',85,1,6,3,3,2,1,2,2,NULL),(20,'张319','移动','科技部','公关','男','13501095319','86-84929319','主治医师',46,1,9,6,4,1,1,4,4,NULL),(21,'张320','移动','科技部','公关','男','13501095320','86-84929320','主治医师',3,1,3,5,6,2,1,2,2,NULL),(22,'张321','移动','科技部','公关','男','13501095321','86-84929321','主治医师',31,1,4,7,3,4,1,2,2,NULL),(23,'张322','移动','科技部','公关','男','13501095322','86-84929322','主治医师',37,1,5,4,7,3,1,4,4,NULL),(24,'张323','移动','科技部','公关','男','13501095323','86-84929323','主治医师',3,1,3,4,5,4,1,4,4,NULL),(25,'张324','移动','科技部','公关','男','13501095324','86-84929324','主治医师',94,1,2,6,3,3,1,2,2,NULL),(26,'张325','移动','科技部','公关','男','13501095325','86-84929325','主治医师',36,1,6,4,6,2,1,2,2,NULL),(27,'张326','移动','科技部','公关','男','13501095326','86-84929326','主治医师',96,1,8,1,1,1,1,3,3,NULL),(28,'张327','移动','科技部','公关','男','13501095327','86-84929327','主治医师',68,1,2,1,2,3,1,3,3,NULL),(29,'张328','移动','科技部','公关','男','13501095328','86-84929328','主治医师',13,1,4,4,6,3,1,2,2,NULL),(30,'张329','移动','科技部','公关','男','13501095329','86-84929329','主治医师',52,1,11,4,5,1,1,4,4,NULL),(31,'张330','移动','科技部','公关','男','13501095330','86-84929330','主治医师',95,1,9,1,7,3,1,4,4,NULL),(32,'张331','移动','科技部','公关','男','13501095331','86-84929331','主治医师',67,1,7,7,3,2,1,2,2,NULL),(33,'张332','移动','科技部','公关','男','13501095332','86-84929332','主治医师',6,1,3,3,2,2,1,3,3,NULL),(34,'张333','移动','科技部','公关','男','13501095333','86-84929333','主治医师',95,1,5,3,7,3,1,4,4,NULL),(35,'张334','移动','科技部','公关','男','13501095334','86-84929334','主治医师',66,1,3,3,7,3,1,4,4,NULL),(36,'张335','移动','科技部','公关','男','13501095335','86-84929335','主治医师',94,1,9,2,7,3,1,4,4,NULL),(37,'张336','移动','科技部','公关','男','13501095336','86-84929336','主治医师',10,1,2,1,2,1,1,3,3,NULL),(38,'张337','移动','科技部','公关','男','13501095337','86-84929337','主治医师',26,1,8,5,7,1,1,4,4,NULL),(39,'张338','移动','科技部','公关','男','13501095338','86-84929338','主治医师',10,1,12,3,4,4,1,4,4,NULL),(40,'张339','移动','科技部','公关','男','13501095339','86-84929339','主治医师',43,1,12,2,3,3,1,2,2,NULL),(41,'张340','移动','科技部','公关','男','13501095340','86-84929340','主治医师',57,1,7,4,3,2,1,2,2,NULL),(42,'张341','移动','科技部','公关','男','13501095341','86-84929341','主治医师',10,1,10,1,3,1,1,2,2,NULL),(43,'张342','移动','科技部','公关','男','13501095342','86-84929342','主治医师',88,1,10,4,6,4,1,2,2,NULL),(44,'张343','移动','科技部','公关','男','13501095343','86-84929343','主治医师',8,1,6,4,1,2,1,3,3,NULL),(45,'张344','移动','科技部','公关','男','13501095344','86-84929344','主治医师',16,1,3,1,6,3,1,2,2,NULL),(46,'张345','移动','科技部','公关','男','13501095345','86-84929345','主治医师',77,1,1,1,6,1,1,2,2,NULL),(47,'张346','移动','科技部','公关','男','13501095346','86-84929346','主治医师',92,1,10,2,5,2,1,4,4,NULL),(48,'张347','移动','科技部','公关','男','13501095347','86-84929347','主治医师',6,1,2,7,2,4,1,3,3,NULL),(49,'张348','移动','科技部','公关','男','13501095348','86-84929348','主治医师',62,1,8,6,2,3,1,3,3,NULL),(50,'张349','移动','科技部','公关','男','13501095349','86-84929349','主治医师',18,1,12,7,5,1,1,4,4,NULL),(51,'张350','移动','科技部','公关','男','13501095350','86-84929350','主治医师',96,1,1,2,6,4,1,2,2,NULL),(52,'张351','移动','科技部','公关','男','13501095351','86-84929351','主治医师',70,1,6,3,1,4,1,3,3,NULL),(53,'张352','移动','科技部','公关','男','13501095352','86-84929352','主治医师',46,1,1,4,1,3,1,3,3,NULL),(54,'张353','移动','科技部','公关','男','13501095353','86-84929353','主治医师',28,1,3,7,7,2,1,4,4,NULL),(55,'张354','移动','科技部','公关','男','13501095354','86-84929354','主治医师',96,1,5,7,6,1,1,2,2,NULL),(56,'张355','移动','科技部','公关','男','13501095355','86-84929355','主治医师',57,1,3,4,6,1,1,2,2,NULL),(57,'张356','移动','科技部','公关','男','13501095356','86-84929356','主治医师',49,1,9,7,2,3,1,3,3,NULL),(58,'张357','移动','科技部','公关','男','13501095357','86-84929357','主治医师',38,1,5,4,4,1,1,4,4,NULL),(59,'张358','移动','科技部','公关','男','13501095358','86-84929358','主治医师',72,1,9,2,5,2,1,4,4,NULL),(60,'张359','移动','科技部','公关','男','13501095359','86-84929359','主治医师',2,1,7,1,2,2,1,3,3,NULL),(61,'张360','移动','科技部','公关','男','13501095360','86-84929360','主治医师',61,1,6,6,2,5,1,3,3,NULL),(62,'张361','移动','科技部','公关','男','13501095361','86-84929361','主治医师',17,1,9,7,1,1,1,3,3,NULL),(63,'张362','移动','科技部','公关','男','13501095362','86-84929362','主治医师',57,1,10,1,5,2,1,4,4,NULL),(64,'张363','移动','科技部','公关','男','13501095363','86-84929363','主治医师',26,1,4,6,2,1,1,3,3,NULL),(65,'张364','移动','科技部','公关','男','13501095364','86-84929364','主治医师',73,1,7,1,2,3,1,3,3,NULL),(66,'张365','移动','科技部','公关','男','13501095365','86-84929365','主治医师',26,1,12,5,7,1,1,4,4,NULL),(67,'张366','移动','科技部','公关','男','13501095366','86-84929366','主治医师',31,1,1,5,4,4,1,4,4,NULL),(68,'张367','移动','科技部','公关','男','13501095367','86-84929367','主治医师',35,1,12,4,6,3,1,2,2,NULL),(69,'张368','移动','科技部','公关','男','13501095368','86-84929368','主治医师',17,1,11,4,2,3,1,3,3,NULL),(70,'张369','移动','科技部','公关','男','13501095369','86-84929369','主治医师',55,1,1,3,1,3,1,3,3,NULL),(71,'张370','移动','科技部','公关','男','13501095370','86-84929370','主治医师',45,1,10,4,5,3,1,4,4,NULL),(72,'张371','移动','科技部','公关','男','13501095371','86-84929371','主治医师',92,1,9,2,5,5,1,4,4,NULL),(73,'张372','移动','科技部','公关','男','13501095372','86-84929372','主治医师',43,1,10,2,7,1,1,4,4,NULL),(74,'张373','移动','科技部','公关','男','13501095373','86-84929373','主治医师',65,1,5,2,6,5,1,2,2,NULL),(75,'张374','移动','科技部','公关','男','13501095374','86-84929374','主治医师',49,1,2,2,6,2,1,2,2,NULL),(76,'张375','移动','科技部','公关','男','13501095375','86-84929375','主治医师',90,1,6,1,5,5,1,4,4,NULL),(77,'张376','移动','科技部','公关','男','13501095376','86-84929376','主治医师',86,1,3,4,7,3,1,4,4,NULL),(78,'张377','移动','科技部','公关','男','13501095377','86-84929377','主治医师',24,1,1,2,3,1,1,2,2,NULL),(79,'张378','移动','科技部','公关','男','13501095378','86-84929378','主治医师',79,1,9,7,5,1,1,4,4,NULL),(80,'张379','移动','科技部','公关','男','13501095379','86-84929379','主治医师',27,1,5,5,2,3,1,3,3,NULL),(81,'ppp',NULL,NULL,NULL,NULL,'pppp',NULL,NULL,108,1,1,1,NULL,1,1,1,NULL,'2013-08-07 22:55:34'),(82,'周先生',NULL,NULL,NULL,NULL,'135','0871','经理',12,1,1,1,NULL,1,1,1,NULL,'2013-08-07 22:56:09');
/*!40000 ALTER TABLE `contact` ENABLE KEYS */;
UNLOCK TABLES;

--
-- Table structure for table `contact_pl1`
--

DROP TABLE IF EXISTS `contact_pl1`;
/*!40101 SET @saved_cs_client     = @@character_set_client */;
/*!40101 SET character_set_client = utf8 */;
CREATE TABLE `contact_pl1` (
  `id` mediumint(9) NOT NULL AUTO_INCREMENT,
  `val` varchar(255) DEFAULT NULL,
  PRIMARY KEY (`id`) USING BTREE
) ENGINE=InnoDB AUTO_INCREMENT=14 DEFAULT CHARSET=utf8;
/*!40101 SET character_set_client = @saved_cs_client */;

--
-- Dumping data for table `contact_pl1`
--

LOCK TABLES `contact_pl1` WRITE;
/*!40000 ALTER TABLE `contact_pl1` DISABLE KEYS */;
INSERT INTO `contact_pl1` VALUES (1,'肿瘤科'),(2,'内科'),(3,'外科'),(4,'中医科'),(5,'化疗科'),(6,'关怀科'),(7,'牙科'),(8,'急症科'),(9,'骨科'),(10,'肝胆外科'),(11,'血液科'),(12,'风湿科'),(13,'呼吸科');
/*!40000 ALTER TABLE `contact_pl1` ENABLE KEYS */;
UNLOCK TABLES;

--
-- Table structure for table `contact_pl2`
--

DROP TABLE IF EXISTS `contact_pl2`;
/*!40101 SET @saved_cs_client     = @@character_set_client */;
/*!40101 SET character_set_client = utf8 */;
CREATE TABLE `contact_pl2` (
  `id` mediumint(9) NOT NULL AUTO_INCREMENT,
  `val` varchar(255) DEFAULT NULL,
  PRIMARY KEY (`id`) USING BTREE
) ENGINE=InnoDB AUTO_INCREMENT=9 DEFAULT CHARSET=utf8;
/*!40101 SET character_set_client = @saved_cs_client */;

--
-- Dumping data for table `contact_pl2`
--

LOCK TABLES `contact_pl2` WRITE;
/*!40000 ALTER TABLE `contact_pl2` DISABLE KEYS */;
INSERT INTO `contact_pl2` VALUES (1,'主任'),(2,'主治医师'),(3,'科室主任'),(4,'采购'),(5,'科室主任'),(6,'院长'),(7,'副院长'),(8,'药剂科主任');
/*!40000 ALTER TABLE `contact_pl2` ENABLE KEYS */;
UNLOCK TABLES;

--
-- Table structure for table `contact_pl3`
--

DROP TABLE IF EXISTS `contact_pl3`;
/*!40101 SET @saved_cs_client     = @@character_set_client */;
/*!40101 SET character_set_client = utf8 */;
CREATE TABLE `contact_pl3` (
  `id` mediumint(9) NOT NULL AUTO_INCREMENT,
  `val` varchar(255) DEFAULT NULL,
  PRIMARY KEY (`id`) USING BTREE
) ENGINE=InnoDB AUTO_INCREMENT=9 DEFAULT CHARSET=utf8;
/*!40101 SET character_set_client = @saved_cs_client */;

--
-- Dumping data for table `contact_pl3`
--

LOCK TABLES `contact_pl3` WRITE;
/*!40000 ALTER TABLE `contact_pl3` DISABLE KEYS */;
INSERT INTO `contact_pl3` VALUES (1,'住院医师'),(2,'主治医师'),(3,'副主任医师'),(4,'主任医师'),(5,'护士'),(6,'主管护师'),(7,'药师'),(8,'技师');
/*!40000 ALTER TABLE `contact_pl3` ENABLE KEYS */;
UNLOCK TABLES;

--
-- Table structure for table `contact_pl4`
--

DROP TABLE IF EXISTS `contact_pl4`;
/*!40101 SET @saved_cs_client     = @@character_set_client */;
/*!40101 SET character_set_client = utf8 */;
CREATE TABLE `contact_pl4` (
  `id` mediumint(9) NOT NULL AUTO_INCREMENT,
  `val` varchar(255) DEFAULT NULL,
  PRIMARY KEY (`id`) USING BTREE
) ENGINE=InnoDB AUTO_INCREMENT=7 DEFAULT CHARSET=utf8;
/*!40101 SET character_set_client = @saved_cs_client */;

--
-- Dumping data for table `contact_pl4`
--

LOCK TABLES `contact_pl4` WRITE;
/*!40000 ALTER TABLE `contact_pl4` DISABLE KEYS */;
INSERT INTO `contact_pl4` VALUES (1,'奥施康定'),(2,'奇曼丁'),(3,'意施丁'),(4,'综合'),(5,'麻药'),(6,'慢痛');
/*!40000 ALTER TABLE `contact_pl4` ENABLE KEYS */;
UNLOCK TABLES;

--
-- Table structure for table `contact_pl5`
--

DROP TABLE IF EXISTS `contact_pl5`;
/*!40101 SET @saved_cs_client     = @@character_set_client */;
/*!40101 SET character_set_client = utf8 */;
CREATE TABLE `contact_pl5` (
  `id` mediumint(9) NOT NULL AUTO_INCREMENT,
  `val` varchar(255) DEFAULT NULL,
  PRIMARY KEY (`id`) USING BTREE
) ENGINE=InnoDB AUTO_INCREMENT=3 DEFAULT CHARSET=utf8;
/*!40101 SET character_set_client = @saved_cs_client */;

--
-- Dumping data for table `contact_pl5`
--

LOCK TABLES `contact_pl5` WRITE;
/*!40000 ALTER TABLE `contact_pl5` DISABLE KEYS */;
INSERT INTO `contact_pl5` VALUES (1,'有效'),(2,'无效');
/*!40000 ALTER TABLE `contact_pl5` ENABLE KEYS */;
UNLOCK TABLES;

--
-- Table structure for table `contact_pl6`
--

DROP TABLE IF EXISTS `contact_pl6`;
/*!40101 SET @saved_cs_client     = @@character_set_client */;
/*!40101 SET character_set_client = utf8 */;
CREATE TABLE `contact_pl6` (
  `id` mediumint(9) NOT NULL AUTO_INCREMENT,
  `val` varchar(255) DEFAULT NULL,
  PRIMARY KEY (`id`) USING BTREE
) ENGINE=InnoDB AUTO_INCREMENT=5 DEFAULT CHARSET=utf8;
/*!40101 SET character_set_client = @saved_cs_client */;

--
-- Dumping data for table `contact_pl6`
--

LOCK TABLES `contact_pl6` WRITE;
/*!40000 ALTER TABLE `contact_pl6` DISABLE KEYS */;
INSERT INTO `contact_pl6` VALUES (1,'A'),(2,'B'),(3,'C'),(4,'D');
/*!40000 ALTER TABLE `contact_pl6` ENABLE KEYS */;
UNLOCK TABLES;

--
-- Table structure for table `contactcrmuser`
--

DROP TABLE IF EXISTS `contactcrmuser`;
/*!40101 SET @saved_cs_client     = @@character_set_client */;
/*!40101 SET character_set_client = utf8 */;
CREATE TABLE `contactcrmuser` (
  `id` mediumint(9) NOT NULL AUTO_INCREMENT,
  `contactId` mediumint(9) NOT NULL,
  `crmuserId` mediumint(9) NOT NULL,
  PRIMARY KEY (`id`) USING BTREE,
  UNIQUE KEY `contactId` (`contactId`,`crmuserId`)
) ENGINE=InnoDB AUTO_INCREMENT=550 DEFAULT CHARSET=utf8;
/*!40101 SET character_set_client = @saved_cs_client */;

--
-- Dumping data for table `contactcrmuser`
--

LOCK TABLES `contactcrmuser` WRITE;
/*!40000 ALTER TABLE `contactcrmuser` DISABLE KEYS */;
INSERT INTO `contactcrmuser` VALUES (505,1,15),(389,1,20),(137,1,22),(189,1,25),(283,1,27),(443,2,12),(516,2,16),(69,2,20),(100,2,21),(241,2,26),(53,3,20),(148,3,22),(210,3,25),(324,3,27),(487,4,13),(510,4,15),(523,4,16),(12,4,20),(101,4,21),(184,4,25),(279,4,27),(429,5,12),(151,5,25),(232,5,26),(465,6,12),(52,6,20),(134,6,22),(440,7,12),(403,7,19),(113,7,21),(322,7,27),(494,8,13),(51,8,20),(129,8,22),(209,8,25),(299,8,27),(460,9,13),(497,9,15),(531,9,16),(395,9,19),(84,9,21),(166,9,25),(238,9,26),(412,10,12),(470,10,13),(526,10,16),(15,10,20),(131,10,22),(275,10,25),(249,10,26),(290,10,27),(422,11,12),(124,11,22),(173,11,25),(459,12,13),(6,12,20),(123,12,22),(152,12,25),(345,12,27),(451,13,12),(506,13,15),(64,13,20),(97,13,21),(208,13,25),(297,13,27),(450,14,12),(483,14,13),(545,14,16),(379,14,19),(60,14,20),(102,14,21),(291,14,27),(493,15,13),(380,15,19),(65,15,20),(145,15,22),(217,15,25),(233,15,26),(439,16,12),(377,16,19),(91,16,21),(125,16,22),(212,16,25),(314,16,27),(431,17,12),(473,17,13),(528,17,16),(8,17,20),(154,17,25),(245,17,26),(524,18,16),(27,18,20),(426,19,12),(471,19,13),(547,19,16),(398,19,19),(75,19,20),(81,19,21),(160,19,25),(240,19,26),(287,19,27),(503,20,15),(112,20,21),(452,21,12),(393,21,19),(359,21,20),(92,21,21),(128,21,22),(302,21,27),(492,22,13),(405,22,19),(365,22,20),(161,22,25),(462,23,12),(11,23,20),(149,23,22),(221,23,25),(340,23,27),(385,24,19),(62,24,20),(115,24,21),(264,24,25),(420,25,12),(544,25,16),(402,25,19),(2,25,20),(135,25,22),(157,25,25),(288,25,27),(21,26,20),(181,26,25),(235,26,26),(280,26,27),(416,27,12),(522,27,16),(24,27,20),(99,27,21),(133,27,22),(252,27,26),(329,27,27),(541,28,16),(388,28,19),(79,28,20),(88,28,21),(144,28,22),(258,28,25),(300,28,27),(515,29,15),(536,29,16),(56,29,20),(85,29,21),(174,29,25),(294,29,27),(496,30,13),(498,30,15),(109,30,21),(214,30,25),(415,31,12),(481,31,13),(368,31,20),(83,31,21),(119,31,22),(198,31,25),(372,32,19),(13,32,20),(121,32,22),(178,32,25),(336,32,27),(118,33,22),(180,33,25),(242,33,26),(338,33,27),(489,34,13),(369,34,20),(172,34,25),(508,35,15),(535,35,16),(381,35,19),(464,36,12),(76,36,20),(140,36,22),(175,36,25),(307,36,27),(469,37,13),(38,37,20),(216,37,25),(230,37,26),(301,37,27),(430,38,12),(538,38,16),(376,38,19),(364,38,20),(155,38,25),(309,38,27),(454,39,12),(519,39,16),(86,39,21),(163,39,25),(246,39,26),(281,39,27),(480,40,13),(404,40,19),(67,40,20),(257,40,25),(341,40,27),(537,41,16),(95,41,21),(218,41,25),(321,41,27),(417,42,12),(458,42,13),(501,42,15),(73,42,20),(132,42,22),(153,42,25),(253,42,26),(284,42,27),(477,43,13),(31,43,20),(331,43,27),(499,44,15),(521,44,16),(378,44,19),(202,44,25),(433,45,12),(17,45,20),(98,45,21),(201,45,25),(317,45,27),(3,46,20),(277,46,25),(39,47,20),(126,47,22),(255,47,26),(328,47,27),(421,48,12),(514,48,15),(382,48,19),(77,48,20),(107,48,21),(261,48,25),(325,48,27),(511,49,15),(532,49,16),(82,49,21),(204,49,25),(237,49,26),(438,50,12),(500,50,15),(396,50,19),(55,50,20),(159,50,25),(254,50,26),(286,50,27),(411,51,12),(391,51,19),(170,51,25),(285,51,27),(427,52,12),(355,52,20),(89,52,21),(141,52,22),(162,52,25),(478,53,13),(371,53,19),(1,53,20),(171,53,25),(342,53,27),(399,54,19),(130,54,22),(220,54,25),(231,54,26),(305,54,27),(476,55,13),(400,55,19),(306,55,27),(410,56,12),(527,56,16),(19,56,20),(111,56,21),(239,56,26),(474,57,13),(7,57,20),(120,57,22),(215,57,25),(298,57,27),(467,58,12),(468,58,13),(26,58,20),(224,58,25),(248,58,26),(374,59,19),(48,59,20),(93,59,21),(156,59,25),(533,60,16),(386,60,19),(61,60,20),(103,60,21),(197,60,25),(502,61,15),(540,61,16),(71,61,20),(110,61,21),(234,61,26),(319,61,27),(472,62,13),(507,62,15),(10,62,20),(490,63,13),(423,64,12),(520,64,16),(289,64,27),(441,65,12),(485,65,13),(397,65,19),(183,65,25),(343,65,27),(425,66,12),(539,66,16),(367,66,20),(138,66,22),(167,66,25),(247,66,26),(453,67,12),(23,67,20),(143,67,21),(169,67,25),(244,67,26),(323,67,27),(414,68,12),(14,68,20),(227,68,25),(312,68,27),(445,69,12),(509,69,15),(18,69,20),(122,69,22),(168,69,25),(436,70,12),(513,70,15),(518,70,16),(9,70,20),(295,70,27),(442,71,12),(384,71,19),(117,71,21),(146,71,22),(165,71,25),(304,71,27),(449,72,12),(529,72,16),(28,72,20),(270,72,25),(310,72,27),(434,73,12),(387,73,19),(29,73,20),(179,73,25),(337,73,27),(435,74,12),(495,74,13),(534,74,16),(4,74,20),(147,74,22),(303,74,27),(504,75,15),(525,75,16),(41,75,20),(94,75,21),(205,75,25),(313,75,27),(475,76,13),(22,76,20),(142,76,22),(223,76,25),(293,76,27),(530,77,16),(394,77,19),(16,77,20),(192,77,25),(316,77,27),(466,78,12),(517,78,16),(373,78,19),(5,78,20),(266,78,25),(332,78,27),(548,81,20),(549,82,20);
/*!40000 ALTER TABLE `contactcrmuser` ENABLE KEYS */;
UNLOCK TABLES;

--
-- Table structure for table `crmuser`
--

DROP TABLE IF EXISTS `crmuser`;
/*!40101 SET @saved_cs_client     = @@character_set_client */;
/*!40101 SET character_set_client = utf8 */;
CREATE TABLE `crmuser` (
  `id` mediumint(9) NOT NULL AUTO_INCREMENT,
  `name` varchar(255) NOT NULL,
  `department` varchar(255) DEFAULT NULL,
  `division` varchar(255) DEFAULT NULL,
  `cellPhone` varchar(255) DEFAULT NULL,
  `email` varchar(255) DEFAULT NULL,
  `employeeNumber` varchar(255) DEFAULT NULL,
  `photo` varchar(255) DEFAULT NULL,
  `jobTitle` varchar(255) DEFAULT NULL,
  `cityId` mediumint(9) NOT NULL,
  `pl1` mediumint(9) DEFAULT NULL,
  `pl2` mediumint(9) DEFAULT NULL,
  `role` mediumint(9) DEFAULT NULL,
  `pl4` mediumint(9) DEFAULT NULL,
  `pl5` mediumint(9) DEFAULT NULL,
  `loginName` varchar(255) DEFAULT NULL,
  `password` varchar(255) DEFAULT NULL,
  `sessionKey` varchar(255) DEFAULT NULL,
  `lastLoginTime` bigint(20) DEFAULT NULL,
  `whenadded` datetime DEFAULT NULL,
  PRIMARY KEY (`id`) USING BTREE
) ENGINE=InnoDB AUTO_INCREMENT=100 DEFAULT CHARSET=utf8;
/*!40101 SET character_set_client = @saved_cs_client */;

--
-- Dumping data for table `crmuser`
--

LOCK TABLES `crmuser` WRITE;
/*!40000 ALTER TABLE `crmuser` DISABLE KEYS */;
INSERT INTO `crmuser` VALUES (1,'李1',NULL,'医疗设备部','13811991','myemail1@gmail.com',NULL,'/crm-admin/image/6.jpeg','职员',42,1,1,2,2,4,'522177','292558','18247',NULL,NULL),(2,'李2',NULL,'医疗设备部','13811992','myemail2@gmail.com',NULL,'/crm-admin/image/15.jpeg','职员',70,1,1,3,2,2,'40125','63159','785502',NULL,NULL),(3,'李3',NULL,'医疗设备部','13811993','myemail3@gmail.com',NULL,'/crm-admin/image/3.jpeg','职员',12,1,2,4,1,4,'633094','437120','871771',NULL,NULL),(4,'李4',NULL,'医疗设备部','13811994','myemail4@gmail.com',NULL,'/crm-admin/image/18.jpeg','职员',53,1,1,1,2,4,'44098','995126','1347',NULL,NULL),(5,'李5',NULL,'医疗设备部','13811995','myemail5@gmail.com',NULL,'/crm-admin/image/13.jpeg','职员',79,1,2,4,1,2,'320207','663272','390426',NULL,NULL),(6,'李6',NULL,'医疗设备部','13811996','myemail6@gmail.com',NULL,'/crm-admin/image/7.jpeg','职员',29,1,2,3,2,5,'467744','329980','947086',NULL,NULL),(7,'李7',NULL,'医疗设备部','13811997','myemail7@gmail.com',NULL,'/crm-admin/image/19.jpeg','职员',80,1,1,2,1,1,'377096','659084','563155',NULL,NULL),(8,'李8',NULL,'医疗设备部','13811998','myemail8@gmail.com',NULL,'/crm-admin/image/15.jpeg','职员',5,1,2,2,1,2,'481251','304483','973518',NULL,NULL),(9,'李9',NULL,'医疗设备部','13811999','myemail9@gmail.com',NULL,'/crm-admin/image/7.jpeg','职员',4,1,2,4,1,1,'273968','544161','177125',NULL,NULL),(10,'李10',NULL,'医疗设备部','138119910','myemail10@gmail.com',NULL,'/crm-admin/image/1.jpeg','职员',54,1,1,3,1,1,'925086','806358','964072',NULL,NULL),(11,'李11',NULL,'医疗设备部','138119911','myemail11@gmail.com',NULL,'/crm-admin/image/3.jpeg','职员',11,1,2,1,1,5,'802529','398308','287984',NULL,NULL),(12,'李12',NULL,'医疗设备部','138119912','myemail12@gmail.com',NULL,'/crm-admin/image/10.jpeg','职员',92,1,1,1,1,1,'236384','571465','546707',NULL,NULL),(13,'李13',NULL,'医疗设备部','138119913','myemail13@gmail.com',NULL,'/crm-admin/image/1.jpeg','职员',61,1,1,2,1,3,'773337','661400','868582',NULL,NULL),(14,'李14',NULL,'医疗设备部','138119914','myemail14@gmail.com',NULL,'/crm-admin/image/6.jpeg','职员',6,1,2,4,1,6,'156532','591609','701788',NULL,NULL),(15,'李15',NULL,'医疗设备部','138119915','myemail15@gmail.com',NULL,'/crm-admin/image/9.jpeg','职员',42,1,1,3,2,6,'461651','972845','902197',NULL,NULL),(16,'李16',NULL,'医疗设备部','138119916','myemail16@gmail.com',NULL,'/crm-admin/image/12.jpeg','职员',13,1,1,2,1,6,'837660','88396','404622',NULL,NULL),(17,'李17',NULL,'医疗设备部','138119917','myemail17@gmail.com',NULL,'/crm-admin/image/1.jpeg','职员',78,1,2,4,1,5,'802347','522446','315519',NULL,NULL),(18,'李18',NULL,'医疗设备部','138119918','myemail18@gmail.com',NULL,'/crm-admin/image/5.jpeg','职员',11,1,1,4,1,2,'497756','346044','362731',NULL,NULL),(19,'李19',NULL,'医疗设备部','138119919','myemail19@gmail.com',NULL,'/crm-admin/image/16.jpeg','职员',65,1,2,4,2,4,'80741','161881','866096',NULL,NULL),(20,'李20',NULL,'医疗设备部','138119920','myemail20@gmail.com',NULL,'/crm-admin/image/5.jpeg','职员',1,1,2,3,2,3,'tig','827ccb0eea8a706c4c34a16891f84e7b','241290',NULL,NULL),(21,'李21',NULL,'医疗设备部','138119921','myemail21@gmail.com',NULL,'/crm-admin/image/16.jpeg','职员',75,1,2,1,2,3,'303953','364729','607162',NULL,NULL),(22,'李22',NULL,'医疗设备部','138119922','myemail22@gmail.com',NULL,'/crm-admin/image/4.jpeg','职员',23,1,1,3,1,2,'790460','511822','310942',NULL,NULL),(23,'李23',NULL,'医疗设备部','138119923','myemail23@gmail.com',NULL,'/crm-admin/image/18.jpeg','职员',93,1,2,3,2,3,'39443','463924','732222',NULL,NULL),(24,'李24',NULL,'医疗设备部','138119924','myemail24@gmail.com',NULL,'/crm-admin/image/10.jpeg','职员',6,1,1,4,2,4,'824836','783154','727286',NULL,NULL),(25,'李25',NULL,'医疗设备部','138119925','myemail25@gmail.com',NULL,'/crm-admin/image/16.jpeg','职员',40,1,1,4,2,5,'4852','522997','438765',NULL,NULL),(26,'李26',NULL,'医疗设备部','138119926','myemail26@gmail.com',NULL,'/crm-admin/image/15.jpeg','职员',12,1,2,1,1,2,'548750','264525','10965',NULL,NULL),(27,'李27',NULL,'医疗设备部','138119927','myemail27@gmail.com',NULL,'/crm-admin/image/19.jpeg','职员',63,1,2,3,1,4,'728194','752636','737534',NULL,NULL),(28,'李28',NULL,'医疗设备部','138119928','myemail28@gmail.com',NULL,'/crm-admin/image/5.jpeg','职员',10,1,2,3,1,6,'993723','968604','653774',NULL,NULL),(29,'李29',NULL,'医疗设备部','138119929','myemail29@gmail.com',NULL,'/crm-admin/image/15.jpeg','职员',71,1,2,2,2,4,'783034','584111','55267',NULL,NULL),(30,'李30',NULL,'医疗设备部','138119930','myemail30@gmail.com',NULL,'/crm-admin/image/7.jpeg','职员',5,1,2,4,1,3,'932998','13746','314014',NULL,NULL),(31,'李31',NULL,'医疗设备部','138119931','myemail31@gmail.com',NULL,'/crm-admin/image/18.jpeg','职员',4,1,2,2,2,5,'314892','315398','403271',NULL,NULL),(32,'李32',NULL,'医疗设备部','138119932','myemail32@gmail.com',NULL,'/crm-admin/image/13.jpeg','职员',42,1,2,1,1,5,'774466','534753','73311',NULL,NULL),(33,'李33',NULL,'医疗设备部','138119933','myemail33@gmail.com',NULL,'/crm-admin/image/7.jpeg','职员',96,1,2,4,1,1,'926655','726570','155743',NULL,NULL),(34,'李34',NULL,'医疗设备部','138119934','myemail34@gmail.com',NULL,'/crm-admin/image/15.jpeg','职员',52,1,2,1,2,4,'308877','27592','557785',NULL,NULL),(35,'李35',NULL,'医疗设备部','138119935','myemail35@gmail.com',NULL,'/crm-admin/image/2.jpeg','职员',58,1,1,1,1,6,'763421','957249','320694',NULL,NULL),(36,'李36',NULL,'医疗设备部','138119936','myemail36@gmail.com',NULL,'/crm-admin/image/12.jpeg','职员',54,1,2,2,1,5,'889473','702469','929117',NULL,NULL),(37,'李37',NULL,'医疗设备部','138119937','myemail37@gmail.com',NULL,'/crm-admin/image/8.jpeg','职员',89,1,1,4,2,3,'156101','639598','682505',NULL,NULL),(38,'李38',NULL,'医疗设备部','138119938','myemail38@gmail.com',NULL,'/crm-admin/image/5.jpeg','职员',59,1,1,1,2,2,'111089','89586','624172',NULL,NULL),(39,'李39',NULL,'医疗设备部','138119939','myemail39@gmail.com',NULL,'/crm-admin/image/14.jpeg','职员',39,1,2,2,2,4,'86143','528135','72346',NULL,NULL),(40,'李40',NULL,'医疗设备部','138119940','myemail40@gmail.com',NULL,'/crm-admin/image/7.jpeg','职员',57,1,2,3,2,6,'96449','370917','488216',NULL,NULL),(41,'李41',NULL,'医疗设备部','138119941','myemail41@gmail.com',NULL,'/crm-admin/image/6.jpeg','职员',60,1,2,4,2,6,'222816','269183','223042',NULL,NULL),(42,'李42',NULL,'医疗设备部','138119942','myemail42@gmail.com',NULL,'/crm-admin/image/5.jpeg','职员',18,1,2,4,1,3,'823732','232162','649564',NULL,NULL),(43,'李43',NULL,'医疗设备部','138119943','myemail43@gmail.com',NULL,'/crm-admin/image/14.jpeg','职员',45,1,2,2,1,3,'449213','352262','577695',NULL,NULL),(44,'李44',NULL,'医疗设备部','138119944','myemail44@gmail.com',NULL,'/crm-admin/image/13.jpeg','职员',31,1,1,1,2,1,'773872','63824','938780',NULL,NULL),(45,'李45',NULL,'医疗设备部','138119945','myemail45@gmail.com',NULL,'/crm-admin/image/4.jpeg','职员',67,1,2,1,2,5,'520719','261333','959819',NULL,NULL),(46,'李46',NULL,'医疗设备部','138119946','myemail46@gmail.com',NULL,'/crm-admin/image/1.jpeg','职员',80,1,2,1,2,5,'280979','114195','981755',NULL,NULL),(47,'李47',NULL,'医疗设备部','138119947','myemail47@gmail.com',NULL,'/crm-admin/image/2.jpeg','职员',19,1,1,3,1,4,'841739','785979','28318',NULL,NULL),(48,'李48',NULL,'医疗设备部','138119948','myemail48@gmail.com',NULL,'/crm-admin/image/11.jpeg','职员',49,1,1,2,2,4,'364760','586307','195325',NULL,NULL),(49,'李49',NULL,'医疗设备部','138119949','myemail49@gmail.com',NULL,'/crm-admin/image/11.jpeg','职员',95,1,1,3,2,1,'297581','572601','890670',NULL,NULL),(50,'李50',NULL,'医疗设备部','138119950','myemail50@gmail.com',NULL,'/crm-admin/image/5.jpeg','职员',10,1,1,4,2,2,'392628','103083','866378',NULL,NULL),(51,'李51',NULL,'医疗设备部','138119951','myemail51@gmail.com',NULL,'/crm-admin/image/15.jpeg','职员',65,1,1,4,1,2,'69398','796614','658878',NULL,NULL),(52,'李52',NULL,'医疗设备部','138119952','myemail52@gmail.com',NULL,'/crm-admin/image/2.jpeg','职员',30,1,2,1,1,2,'168105','672819','694258',NULL,NULL),(53,'李53',NULL,'医疗设备部','138119953','myemail53@gmail.com',NULL,'/crm-admin/image/10.jpeg','职员',52,1,2,1,1,4,'631332','973256','493656',NULL,NULL),(54,'李54',NULL,'医疗设备部','138119954','myemail54@gmail.com',NULL,'/crm-admin/image/2.jpeg','职员',66,1,1,2,1,6,'651345','846821','384509',NULL,NULL),(55,'李55',NULL,'医疗设备部','138119955','myemail55@gmail.com',NULL,'/crm-admin/image/12.jpeg','职员',42,1,2,3,1,3,'361730','313338','440574',NULL,NULL),(56,'李56',NULL,'医疗设备部','138119956','myemail56@gmail.com',NULL,'/crm-admin/image/17.jpeg','职员',35,1,2,1,2,2,'853617','25230','48344',NULL,NULL),(57,'李57',NULL,'医疗设备部','138119957','myemail57@gmail.com',NULL,'/crm-admin/image/10.jpeg','职员',43,1,1,4,2,5,'181893','185133','919000',NULL,NULL),(58,'李58',NULL,'医疗设备部','138119958','myemail58@gmail.com',NULL,'/crm-admin/image/6.jpeg','职员',22,1,2,2,2,3,'347616','848979','448968',NULL,NULL),(59,'李59',NULL,'医疗设备部','138119959','myemail59@gmail.com',NULL,'/crm-admin/image/16.jpeg','职员',77,1,2,2,2,5,'191401','688495','486840',NULL,NULL),(60,'李60',NULL,'医疗设备部','138119960','myemail60@gmail.com',NULL,'/crm-admin/image/1.jpeg','职员',35,1,1,3,2,4,'913159','894538','86298',NULL,NULL),(61,'李61',NULL,'医疗设备部','138119961','myemail61@gmail.com',NULL,'/crm-admin/image/10.jpeg','职员',23,1,2,3,2,5,'990592','406207','969970',NULL,NULL),(62,'李62',NULL,'医疗设备部','138119962','myemail62@gmail.com',NULL,'/crm-admin/image/15.jpeg','职员',55,1,1,1,2,5,'212482','346420','589957',NULL,NULL),(63,'李63',NULL,'医疗设备部','138119963','myemail63@gmail.com',NULL,'/crm-admin/image/9.jpeg','职员',84,1,1,2,1,5,'89634','512482','38877',NULL,NULL),(64,'李64',NULL,'医疗设备部','138119964','myemail64@gmail.com',NULL,'/crm-admin/image/7.jpeg','职员',65,1,2,3,2,6,'809726','522148','423512',NULL,NULL),(65,'李65',NULL,'医疗设备部','138119965','myemail65@gmail.com',NULL,'/crm-admin/image/4.jpeg','职员',58,1,1,4,2,3,'778728','72294','999930',NULL,NULL),(66,'李66',NULL,'医疗设备部','138119966','myemail66@gmail.com',NULL,'/crm-admin/image/15.jpeg','职员',79,1,1,2,1,3,'463463','794028','728113',NULL,NULL),(67,'李67',NULL,'医疗设备部','138119967','myemail67@gmail.com',NULL,'/crm-admin/image/9.jpeg','职员',91,1,1,4,2,1,'980132','752257','639777',NULL,NULL),(68,'李68',NULL,'医疗设备部','138119968','myemail68@gmail.com',NULL,'/crm-admin/image/14.jpeg','职员',1,1,2,2,1,6,'509269','378200','13545',NULL,NULL),(69,'李69',NULL,'医疗设备部','138119969','myemail69@gmail.com',NULL,'/crm-admin/image/3.jpeg','职员',66,1,2,4,2,6,'604953','633233','147396',NULL,NULL),(70,'李70',NULL,'医疗设备部','138119970','myemail70@gmail.com',NULL,'/crm-admin/image/16.jpeg','职员',44,1,2,2,2,2,'495957','30565','695343',NULL,NULL),(71,'李71',NULL,'医疗设备部','138119971','myemail71@gmail.com',NULL,'/crm-admin/image/13.jpeg','职员',66,1,2,1,2,3,'663926','252127','33531',NULL,NULL),(72,'李72',NULL,'医疗设备部','138119972','myemail72@gmail.com',NULL,'/crm-admin/image/14.jpeg','职员',56,1,1,3,1,6,'830761','167940','80624',NULL,NULL),(73,'李73',NULL,'医疗设备部','138119973','myemail73@gmail.com',NULL,'/crm-admin/image/10.jpeg','职员',84,1,2,1,2,5,'161029','82320','301526',NULL,NULL),(74,'李74',NULL,'医疗设备部','138119974','myemail74@gmail.com',NULL,'/crm-admin/image/4.jpeg','职员',79,1,2,1,2,2,'311861','906780','264762',NULL,NULL),(75,'李75',NULL,'医疗设备部','138119975','myemail75@gmail.com',NULL,'/crm-admin/image/15.jpeg','职员',70,1,2,2,1,1,'75217','285939','418232',NULL,NULL),(76,'李76',NULL,'医疗设备部','138119976','myemail76@gmail.com',NULL,'/crm-admin/image/8.jpeg','职员',51,1,2,4,2,1,'439502','708355','295875',NULL,NULL),(77,'李77',NULL,'医疗设备部','138119977','myemail77@gmail.com',NULL,'/crm-admin/image/16.jpeg','职员',74,1,1,3,1,6,'970860','682959','223677',NULL,NULL),(78,'李78',NULL,'医疗设备部','138119978','myemail78@gmail.com',NULL,'/crm-admin/image/3.jpeg','职员',78,1,1,4,2,3,'534795','288732','229764',NULL,NULL),(79,'李79',NULL,'医疗设备部','138119979','myemail79@gmail.com',NULL,'/crm-admin/image/8.jpeg','职员',69,1,2,4,1,4,'760397','393784','476787',NULL,NULL),(80,'李80',NULL,'医疗设备部','138119980','myemail80@gmail.com',NULL,'/crm-admin/image/12.jpeg','职员',62,1,1,1,1,2,'196598','101725','693644',NULL,NULL),(81,'李81',NULL,'医疗设备部','138119981','myemail81@gmail.com',NULL,'/crm-admin/image/12.jpeg','职员',87,1,1,3,2,6,'700801','326272','36861',NULL,NULL),(82,'李82',NULL,'医疗设备部','138119982','myemail82@gmail.com',NULL,'/crm-admin/image/1.jpeg','职员',1,1,1,1,1,3,'913212','325186','102371',NULL,NULL),(83,'李83',NULL,'医疗设备部','138119983','myemail83@gmail.com',NULL,'/crm-admin/image/5.jpeg','职员',20,1,1,4,1,1,'462656','646113','400275',NULL,NULL),(84,'李84',NULL,'医疗设备部','138119984','myemail84@gmail.com',NULL,'/crm-admin/image/16.jpeg','职员',8,1,1,3,1,1,'572645','254009','693260',NULL,NULL),(85,'李85',NULL,'医疗设备部','138119985','myemail85@gmail.com',NULL,'/crm-admin/image/5.jpeg','职员',25,1,2,3,2,6,'474256','330708','264479',NULL,NULL),(86,'李86',NULL,'医疗设备部','138119986','myemail86@gmail.com',NULL,'/crm-admin/image/4.jpeg','职员',70,1,2,3,1,4,'652345','890514','241613',NULL,NULL),(87,'李87',NULL,'医疗设备部','138119987','myemail87@gmail.com',NULL,'/crm-admin/image/17.jpeg','职员',13,1,2,3,2,1,'837958','459443','413628',NULL,NULL),(88,'李88',NULL,'医疗设备部','138119988','myemail88@gmail.com',NULL,'/crm-admin/image/18.jpeg','职员',19,1,1,4,2,2,'231754','624676','342301',NULL,NULL),(89,'李89',NULL,'医疗设备部','138119989','myemail89@gmail.com',NULL,'/crm-admin/image/2.jpeg','职员',79,1,2,4,2,5,'643898','744053','469622',NULL,NULL),(90,'李90',NULL,'医疗设备部','138119990','myemail90@gmail.com',NULL,'/crm-admin/image/8.jpeg','职员',56,1,1,2,2,1,'523229','845236','320209',NULL,NULL),(91,'李91',NULL,'医疗设备部','138119991','myemail91@gmail.com',NULL,'/crm-admin/image/9.jpeg','职员',34,1,1,2,1,4,'683450','993021','191180',NULL,NULL),(92,'李92',NULL,'医疗设备部','138119992','myemail92@gmail.com',NULL,'/crm-admin/image/16.jpeg','职员',75,1,1,4,1,3,'846564','428400','994271',NULL,NULL),(93,'李93',NULL,'医疗设备部','138119993','myemail93@gmail.com',NULL,'/crm-admin/image/4.jpeg','职员',89,1,2,3,1,4,'181471','161936','396817',NULL,NULL),(94,'李94',NULL,'医疗设备部','138119994','myemail94@gmail.com',NULL,'/crm-admin/image/14.jpeg','职员',58,1,1,3,1,2,'366665','523483','1000273',NULL,NULL),(95,'李95',NULL,'医疗设备部','138119995','myemail95@gmail.com',NULL,'/crm-admin/image/3.jpeg','职员',80,1,2,2,1,2,'287910','130604','809913',NULL,NULL),(96,'李96',NULL,'医疗设备部','138119996','myemail96@gmail.com',NULL,'/crm-admin/image/6.jpeg','职员',26,1,1,3,1,2,'338557','81573','47749',NULL,NULL),(97,'李97',NULL,'医疗设备部','138119997','myemail97@gmail.com',NULL,'/crm-admin/image/6.jpeg','职员',41,1,1,2,1,5,'828056','15053','808004',NULL,NULL),(98,'李98',NULL,'医疗设备部','138119998','myemail98@gmail.com',NULL,'/crm-admin/image/11.jpeg','职员',77,1,2,2,1,3,'123609','829547','895773',NULL,NULL),(99,'李99',NULL,'医疗设备部','138119999','myemail99@gmail.com',NULL,'/crm-admin/image/1.jpeg','职员',93,1,2,4,1,1,'132877','101578','53856',NULL,NULL);
/*!40000 ALTER TABLE `crmuser` ENABLE KEYS */;
UNLOCK TABLES;

--
-- Table structure for table `crmuser_pl1`
--

DROP TABLE IF EXISTS `crmuser_pl1`;
/*!40101 SET @saved_cs_client     = @@character_set_client */;
/*!40101 SET character_set_client = utf8 */;
CREATE TABLE `crmuser_pl1` (
  `id` mediumint(9) NOT NULL AUTO_INCREMENT,
  `val` varchar(255) DEFAULT NULL,
  PRIMARY KEY (`id`) USING BTREE
) ENGINE=InnoDB AUTO_INCREMENT=3 DEFAULT CHARSET=utf8;
/*!40101 SET character_set_client = @saved_cs_client */;

--
-- Dumping data for table `crmuser_pl1`
--

LOCK TABLES `crmuser_pl1` WRITE;
/*!40000 ALTER TABLE `crmuser_pl1` DISABLE KEYS */;
INSERT INTO `crmuser_pl1` VALUES (1,'有效'),(2,'无效');
/*!40000 ALTER TABLE `crmuser_pl1` ENABLE KEYS */;
UNLOCK TABLES;

--
-- Table structure for table `crmuser_pl2`
--

DROP TABLE IF EXISTS `crmuser_pl2`;
/*!40101 SET @saved_cs_client     = @@character_set_client */;
/*!40101 SET character_set_client = utf8 */;
CREATE TABLE `crmuser_pl2` (
  `id` mediumint(9) NOT NULL AUTO_INCREMENT,
  `val` varchar(255) DEFAULT NULL,
  PRIMARY KEY (`id`) USING BTREE
) ENGINE=InnoDB AUTO_INCREMENT=4 DEFAULT CHARSET=utf8;
/*!40101 SET character_set_client = @saved_cs_client */;

--
-- Dumping data for table `crmuser_pl2`
--

LOCK TABLES `crmuser_pl2` WRITE;
/*!40000 ALTER TABLE `crmuser_pl2` DISABLE KEYS */;
INSERT INTO `crmuser_pl2` VALUES (1,'麻药'),(2,'慢痛'),(3,'全部');
/*!40000 ALTER TABLE `crmuser_pl2` ENABLE KEYS */;
UNLOCK TABLES;

--
-- Table structure for table `dealerAccount`
--

DROP TABLE IF EXISTS `dealerAccount`;
/*!40101 SET @saved_cs_client     = @@character_set_client */;
/*!40101 SET character_set_client = utf8 */;
CREATE TABLE `dealerAccount` (
  `id` mediumint(9) NOT NULL AUTO_INCREMENT,
  `name` varchar(255) NOT NULL,
  `address` varchar(255) DEFAULT NULL,
  `tele` varchar(255) DEFAULT NULL,
  `status` mediumint(9) DEFAULT NULL,
  `pl1` mediumint(9) DEFAULT NULL,
  `pl2` mediumint(9) DEFAULT NULL,
  `whenadded` datetime DEFAULT NULL,
  PRIMARY KEY (`id`) USING BTREE
) ENGINE=InnoDB AUTO_INCREMENT=89 DEFAULT CHARSET=utf8;
/*!40101 SET character_set_client = @saved_cs_client */;

--
-- Dumping data for table `dealerAccount`
--

LOCK TABLES `dealerAccount` WRITE;
/*!40000 ALTER TABLE `dealerAccount` DISABLE KEYS */;
INSERT INTO `dealerAccount` VALUES (1,'经销商0','北京市朝阳区望京东路0号','1381199260',1,1,1,NULL),(2,'经销商1','北京市朝阳区望京东路1号','1381199261',2,2,2,NULL),(3,'经销商2','北京市朝阳区望京东路2号','1381199262',1,3,3,NULL),(4,'经销商3','北京市朝阳区望京东路3号','1381199263',2,1,4,NULL),(5,'经销商4','北京市朝阳区望京东路4号','1381199264',1,2,5,NULL),(6,'经销商5','北京市朝阳区望京东路5号','1381199265',2,3,6,NULL),(7,'经销商6','北京市朝阳区望京东路6号','1381199266',1,1,7,NULL),(8,'经销商7','北京市朝阳区望京东路7号','1381199267',2,2,1,NULL),(9,'经销商8','北京市朝阳区望京东路8号','1381199268',1,3,2,NULL),(10,'经销商9','北京市朝阳区望京东路9号','1381199269',2,1,3,NULL),(11,'经销商10','北京市朝阳区望京东路10号','13811992610',1,2,4,NULL),(12,'经销商11','北京市朝阳区望京东路11号','13811992611',2,3,5,NULL),(13,'经销商12','北京市朝阳区望京东路12号','13811992612',1,1,6,NULL),(14,'经销商13','北京市朝阳区望京东路13号','13811992613',2,2,7,NULL),(15,'经销商14','北京市朝阳区望京东路14号','13811992614',1,3,1,NULL),(16,'经销商15','北京市朝阳区望京东路15号','13811992615',2,1,2,NULL),(17,'经销商16','北京市朝阳区望京东路16号','13811992616',1,2,3,NULL),(18,'经销商17','北京市朝阳区望京东路17号','13811992617',2,3,4,NULL),(19,'经销商18','北京市朝阳区望京东路18号','13811992618',1,1,5,NULL),(20,'经销商19','北京市朝阳区望京东路19号','13811992619',2,2,6,NULL),(21,'经销商20','北京市朝阳区望京东路20号','13811992620',1,3,7,NULL),(22,'经销商21','北京市朝阳区望京东路21号','13811992621',2,1,1,NULL),(23,'经销商22','北京市朝阳区望京东路22号','13811992622',1,2,2,NULL),(24,'经销商23','北京市朝阳区望京东路23号','13811992623',2,3,3,NULL),(25,'经销商24','北京市朝阳区望京东路24号','13811992624',1,1,4,NULL),(26,'经销商25','北京市朝阳区望京东路25号','13811992625',2,2,5,NULL),(27,'经销商26','北京市朝阳区望京东路26号','13811992626',1,3,6,NULL),(28,'经销商27','北京市朝阳区望京东路27号','13811992627',2,1,7,NULL),(29,'经销商28','北京市朝阳区望京东路28号','13811992628',1,2,1,NULL),(30,'经销商29','北京市朝阳区望京东路29号','13811992629',2,3,2,NULL),(31,'经销商30','北京市朝阳区望京东路30号','13811992630',1,1,3,NULL),(32,'经销商31','北京市朝阳区望京东路31号','13811992631',2,2,4,NULL),(33,'经销商32','北京市朝阳区望京东路32号','13811992632',1,3,5,NULL),(34,'经销商33','北京市朝阳区望京东路33号','13811992633',2,1,6,NULL),(35,'经销商34','北京市朝阳区望京东路34号','13811992634',1,2,7,NULL),(36,'经销商35','北京市朝阳区望京东路35号','13811992635',2,3,1,NULL),(37,'经销商36','北京市朝阳区望京东路36号','13811992636',1,1,2,NULL),(38,'经销商37','北京市朝阳区望京东路37号','13811992637',2,2,3,NULL),(39,'经销商38','北京市朝阳区望京东路38号','13811992638',1,3,4,NULL),(40,'经销商39','北京市朝阳区望京东路39号','13811992639',2,1,5,NULL),(41,'经销商40','北京市朝阳区望京东路40号','13811992640',1,2,6,NULL),(42,'经销商41','北京市朝阳区望京东路41号','13811992641',2,3,7,NULL),(43,'经销商42','北京市朝阳区望京东路42号','13811992642',1,1,1,NULL),(44,'经销商43','北京市朝阳区望京东路43号','13811992643',2,2,2,NULL),(45,'经销商44','北京市朝阳区望京东路44号','13811992644',1,3,3,NULL),(46,'经销商45','北京市朝阳区望京东路45号','13811992645',2,1,4,NULL),(47,'经销商46','北京市朝阳区望京东路46号','13811992646',1,2,5,NULL),(48,'经销商47','北京市朝阳区望京东路47号','13811992647',2,3,6,NULL),(49,'经销商48','北京市朝阳区望京东路48号','13811992648',1,1,7,NULL),(50,'经销商49','北京市朝阳区望京东路49号','13811992649',2,2,1,NULL),(51,'经销商50','北京市朝阳区望京东路50号','13811992650',1,3,2,NULL),(52,'经销商51','北京市朝阳区望京东路51号','13811992651',2,1,3,NULL),(53,'经销商52','北京市朝阳区望京东路52号','13811992652',1,2,4,NULL),(54,'经销商53','北京市朝阳区望京东路53号','13811992653',2,3,5,NULL),(55,'经销商54','北京市朝阳区望京东路54号','13811992654',1,1,6,NULL),(56,'经销商55','北京市朝阳区望京东路55号','13811992655',2,2,7,NULL),(57,'经销商56','北京市朝阳区望京东路56号','13811992656',1,3,1,NULL),(58,'经销商57','北京市朝阳区望京东路57号','13811992657',2,1,2,NULL),(59,'经销商58','北京市朝阳区望京东路58号','13811992658',1,2,3,NULL),(60,'经销商59','北京市朝阳区望京东路59号','13811992659',2,3,4,NULL),(61,'经销商60','北京市朝阳区望京东路60号','13811992660',1,1,5,NULL),(62,'经销商61','北京市朝阳区望京东路61号','13811992661',2,2,6,NULL),(63,'经销商62','北京市朝阳区望京东路62号','13811992662',1,3,7,NULL),(64,'经销商63','北京市朝阳区望京东路63号','13811992663',2,1,1,NULL),(65,'经销商64','北京市朝阳区望京东路64号','13811992664',1,2,2,NULL),(66,'经销商65','北京市朝阳区望京东路65号','13811992665',2,3,3,NULL),(67,'经销商66','北京市朝阳区望京东路66号','13811992666',1,1,4,NULL),(68,'经销商67','北京市朝阳区望京东路67号','13811992667',2,2,5,NULL),(69,'经销商68','北京市朝阳区望京东路68号','13811992668',1,3,6,NULL),(70,'经销商69','北京市朝阳区望京东路69号','13811992669',2,1,7,NULL),(71,'经销商70','北京市朝阳区望京东路70号','13811992670',1,2,1,NULL),(72,'经销商71','北京市朝阳区望京东路71号','13811992671',2,3,2,NULL),(73,'经销商72','北京市朝阳区望京东路72号','13811992672',1,1,3,NULL),(74,'经销商73','北京市朝阳区望京东路73号','13811992673',2,2,4,NULL),(75,'经销商74','北京市朝阳区望京东路74号','13811992674',1,3,5,NULL),(76,'经销商75','北京市朝阳区望京东路75号','13811992675',2,1,6,NULL),(77,'经销商76','北京市朝阳区望京东路76号','13811992676',1,2,7,NULL),(78,'经销商77','北京市朝阳区望京东路77号','13811992677',2,3,1,NULL),(79,'经销商78','北京市朝阳区望京东路78号','13811992678',1,1,2,NULL),(80,'经销商79','北京市朝阳区望京东路79号','13811992679',2,2,3,NULL),(81,'经销商80','北京市朝阳区望京东路80号','13811992680',1,3,4,NULL),(82,'经销商81','北京市朝阳区望京东路81号','13811992681',2,1,5,NULL),(83,'经销商82','北京市朝阳区望京东路82号','13811992682',1,2,6,NULL),(84,'经销商83','北京市朝阳区望京东路83号','13811992683',2,3,7,NULL),(85,'经销商84','北京市朝阳区望京东路84号','13811992684',1,1,1,NULL),(86,'经销商85','北京市朝阳区望京东路85号','13811992685',2,2,2,NULL),(87,'经销商86','北京市朝阳区望京东路86号','13811992686',1,3,3,NULL),(88,'经销商87','北京市朝阳区望京东路87号','13811992687',2,1,4,NULL);
/*!40000 ALTER TABLE `dealerAccount` ENABLE KEYS */;
UNLOCK TABLES;

--
-- Table structure for table `dealerContact`
--

DROP TABLE IF EXISTS `dealerContact`;
/*!40101 SET @saved_cs_client     = @@character_set_client */;
/*!40101 SET character_set_client = utf8 */;
CREATE TABLE `dealerContact` (
  `id` mediumint(9) NOT NULL AUTO_INCREMENT,
  `name` varchar(255) NOT NULL,
  `sex` mediumint(9) DEFAULT NULL,
  `tel_work` varchar(255) DEFAULT NULL,
  `dealerAccountId` mediumint(9) NOT NULL,
  `status` mediumint(9) DEFAULT NULL,
  `pl1` mediumint(9) DEFAULT NULL,
  `whenadded` datetime DEFAULT NULL,
  PRIMARY KEY (`id`) USING BTREE
) ENGINE=InnoDB AUTO_INCREMENT=81 DEFAULT CHARSET=utf8;
/*!40101 SET character_set_client = @saved_cs_client */;

--
-- Dumping data for table `dealerContact`
--

LOCK TABLES `dealerContact` WRITE;
/*!40000 ALTER TABLE `dealerContact` DISABLE KEYS */;
INSERT INTO `dealerContact` VALUES (1,'张历历0',1,'1381199260',18,1,3,NULL),(2,'张历历1',2,'1381199261',19,2,2,NULL),(3,'张历历2',1,'1381199262',6,1,1,NULL),(4,'张历历3',2,'1381199263',13,2,2,NULL),(5,'张历历4',1,'1381199264',44,1,2,NULL),(6,'张历历5',2,'1381199265',67,2,2,NULL),(7,'张历历6',1,'1381199266',66,1,1,NULL),(8,'张历历7',2,'1381199267',24,2,2,NULL),(9,'张历历8',1,'1381199268',45,1,1,NULL),(10,'张历历9',2,'1381199269',25,2,2,NULL),(11,'张历历10',1,'13811992610',12,1,1,NULL),(12,'张历历11',2,'13811992611',55,2,3,NULL),(13,'张历历12',1,'13811992612',22,1,2,NULL),(14,'张历历13',2,'13811992613',60,2,1,NULL),(15,'张历历14',1,'13811992614',28,1,1,NULL),(16,'张历历15',2,'13811992615',36,2,3,NULL),(17,'张历历16',1,'13811992616',44,1,1,NULL),(18,'张历历17',2,'13811992617',77,2,2,NULL),(19,'张历历18',1,'13811992618',29,1,3,NULL),(20,'张历历19',2,'13811992619',1,2,1,NULL),(21,'张历历20',1,'13811992620',67,1,3,NULL),(22,'张历历21',2,'13811992621',6,2,1,NULL),(23,'张历历22',1,'13811992622',19,1,3,NULL),(24,'张历历23',2,'13811992623',12,2,1,NULL),(25,'张历历24',1,'13811992624',34,1,1,NULL),(26,'张历历25',2,'13811992625',3,2,3,NULL),(27,'张历历26',1,'13811992626',36,1,1,NULL),(28,'张历历27',2,'13811992627',1,2,3,NULL),(29,'张历历28',1,'13811992628',80,1,3,NULL),(30,'张历历29',2,'13811992629',32,2,3,NULL),(31,'张历历30',1,'13811992630',59,1,1,NULL),(32,'张历历31',2,'13811992631',55,2,3,NULL),(33,'张历历32',1,'13811992632',65,1,3,NULL),(34,'张历历33',2,'13811992633',65,2,2,NULL),(35,'张历历34',1,'13811992634',65,1,2,NULL),(36,'张历历35',2,'13811992635',76,2,2,NULL),(37,'张历历36',1,'13811992636',11,1,3,NULL),(38,'张历历37',2,'13811992637',1,2,3,NULL),(39,'张历历38',1,'13811992638',45,1,2,NULL),(40,'张历历39',2,'13811992639',40,2,2,NULL),(41,'张历历40',1,'13811992640',27,1,1,NULL),(42,'张历历41',2,'13811992641',42,2,1,NULL),(43,'张历历42',1,'13811992642',15,1,3,NULL),(44,'张历历43',2,'13811992643',17,2,3,NULL),(45,'张历历44',1,'13811992644',9,1,3,NULL),(46,'张历历45',2,'13811992645',52,2,3,NULL),(47,'张历历46',1,'13811992646',58,1,1,NULL),(48,'张历历47',2,'13811992647',9,2,3,NULL),(49,'张历历48',1,'13811992648',44,1,1,NULL),(50,'张历历49',2,'13811992649',30,2,3,NULL),(51,'张历历50',1,'13811992650',48,1,1,NULL),(52,'张历历51',2,'13811992651',19,2,3,NULL),(53,'张历历52',1,'13811992652',16,1,2,NULL),(54,'张历历53',2,'13811992653',41,2,2,NULL),(55,'张历历54',1,'13811992654',45,1,1,NULL),(56,'张历历55',2,'13811992655',17,2,1,NULL),(57,'张历历56',1,'13811992656',1,1,3,NULL),(58,'张历历57',2,'13811992657',54,2,2,NULL),(59,'张历历58',1,'13811992658',46,1,2,NULL),(60,'张历历59',2,'13811992659',63,2,1,NULL),(61,'张历历60',1,'13811992660',28,1,1,NULL),(62,'张历历61',2,'13811992661',48,2,3,NULL),(63,'张历历62',1,'13811992662',10,1,2,NULL),(64,'张历历63',2,'13811992663',80,2,1,NULL),(65,'张历历64',1,'13811992664',59,1,1,NULL),(66,'张历历65',2,'13811992665',19,2,1,NULL),(67,'张历历66',1,'13811992666',43,1,1,NULL),(68,'张历历67',2,'13811992667',32,2,2,NULL),(69,'张历历68',1,'13811992668',62,1,1,NULL),(70,'张历历69',2,'13811992669',17,2,3,NULL),(71,'张历历70',1,'13811992670',54,1,1,NULL),(72,'张历历71',2,'13811992671',63,2,1,NULL),(73,'张历历72',1,'13811992672',62,1,3,NULL),(74,'张历历73',2,'13811992673',5,2,1,NULL),(75,'张历历74',1,'13811992674',46,1,3,NULL),(76,'张历历75',2,'13811992675',10,2,3,NULL),(77,'张历历76',1,'13811992676',48,1,3,NULL),(78,'张历历77',2,'13811992677',63,2,1,NULL),(79,'张历历78',1,'13811992678',46,1,1,NULL),(80,'张历历79',2,'13811992679',70,2,3,NULL);
/*!40000 ALTER TABLE `dealerContact` ENABLE KEYS */;
UNLOCK TABLES;

--
-- Table structure for table `externalMeeting`
--

DROP TABLE IF EXISTS `externalMeeting`;
/*!40101 SET @saved_cs_client     = @@character_set_client */;
/*!40101 SET character_set_client = utf8 */;
CREATE TABLE `externalMeeting` (
  `id` mediumint(9) NOT NULL AUTO_INCREMENT,
  `crmuserId` mediumint(9) NOT NULL,
  `endtime` bigint(20) DEFAULT NULL,
  `starttime` bigint(20) NOT NULL DEFAULT '0',
  `title` varchar(128) DEFAULT NULL,
  `contactIds` varchar(512) DEFAULT NULL,
  `status` mediumint(9) DEFAULT NULL,
  `activity_type` mediumint(9) DEFAULT NULL,
  `coachId` mediumint(9) DEFAULT NULL,
  PRIMARY KEY (`id`) USING BTREE
) ENGINE=InnoDB AUTO_INCREMENT=29 DEFAULT CHARSET=utf8;
/*!40101 SET character_set_client = @saved_cs_client */;

--
-- Dumping data for table `externalMeeting`
--

LOCK TABLES `externalMeeting` WRITE;
/*!40000 ALTER TABLE `externalMeeting` DISABLE KEYS */;
INSERT INTO `externalMeeting` VALUES (16,20,1373299200000,1373299200000,'拜访','[1,24,42]',2,2,0),(17,20,1373904000000,1373904000000,'拜访','[21]',2,3,1),(18,20,1373990400000,1373990400000,'拜访','[24]',2,3,2),(19,20,1373990400000,1373990400000,'拜访','[24]',2,3,3),(20,20,1374422400000,1374422400000,'拜访','[69]',2,3,7),(21,20,1374508800000,1374508800000,'拜访','[1,45]',1,2,0),(22,20,1374595200000,1374595200000,'拜访','[45]',1,2,0),(23,20,1374076800000,1374076800000,'拜访','[48,60]',2,2,0),(24,20,1374681600000,1374681600000,'拜访','[45]',1,2,0),(25,20,1373472000000,1373472000000,'拜访','[29]',2,2,0),(26,20,1372867200000,1372867200000,'拜访','[1,42,60]',2,2,0),(27,20,1375200000000,1375200000000,'拜访','[21,48]',1,2,0),(28,20,1375113600000,1375113600000,'拜访','[21]',1,3,2);
/*!40000 ALTER TABLE `externalMeeting` ENABLE KEYS */;
UNLOCK TABLES;

--
-- Table structure for table `internalMeeting`
--

DROP TABLE IF EXISTS `internalMeeting`;
/*!40101 SET @saved_cs_client     = @@character_set_client */;
/*!40101 SET character_set_client = utf8 */;
CREATE TABLE `internalMeeting` (
  `id` mediumint(9) NOT NULL AUTO_INCREMENT,
  `crmuserId` mediumint(9) NOT NULL,
  `endtime` bigint(20) DEFAULT NULL,
  `starttime` bigint(20) NOT NULL DEFAULT '0',
  `title` varchar(128) DEFAULT NULL,
  `contactId` mediumint(9) DEFAULT NULL,
  `crmusermanagerId` mediumint(9) DEFAULT NULL,
  `status` mediumint(9) DEFAULT NULL,
  PRIMARY KEY (`id`) USING BTREE
) ENGINE=InnoDB DEFAULT CHARSET=utf8;
/*!40101 SET character_set_client = @saved_cs_client */;

--
-- Dumping data for table `internalMeeting`
--

LOCK TABLES `internalMeeting` WRITE;
/*!40000 ALTER TABLE `internalMeeting` DISABLE KEYS */;
/*!40000 ALTER TABLE `internalMeeting` ENABLE KEYS */;
UNLOCK TABLES;

--
-- Table structure for table `province`
--

DROP TABLE IF EXISTS `province`;
/*!40101 SET @saved_cs_client     = @@character_set_client */;
/*!40101 SET character_set_client = utf8 */;
CREATE TABLE `province` (
  `id` mediumint(9) NOT NULL AUTO_INCREMENT,
  `name` varchar(255) NOT NULL,
  PRIMARY KEY (`id`) USING BTREE
) ENGINE=InnoDB AUTO_INCREMENT=22 DEFAULT CHARSET=utf8;
/*!40101 SET character_set_client = @saved_cs_client */;

--
-- Dumping data for table `province`
--

LOCK TABLES `province` WRITE;
/*!40000 ALTER TABLE `province` DISABLE KEYS */;
INSERT INTO `province` VALUES (1,'北京'),(2,'天津市'),(3,'河北省'),(4,'山西省'),(5,'内蒙古'),(6,'辽宁省'),(7,'吉林省'),(8,'湖南省'),(9,'海南省'),(10,'重庆市'),(11,'四川省'),(12,'贵州省'),(13,'云南省'),(14,'西藏'),(15,'甘肃省'),(16,'青海省'),(17,'宁夏'),(18,'新疆'),(19,'广西'),(20,'湖北省'),(21,'河南省');
/*!40000 ALTER TABLE `province` ENABLE KEYS */;
UNLOCK TABLES;

--
-- Table structure for table `region_level1_pl`
--

DROP TABLE IF EXISTS `region_level1_pl`;
/*!40101 SET @saved_cs_client     = @@character_set_client */;
/*!40101 SET character_set_client = utf8 */;
CREATE TABLE `region_level1_pl` (
  `id` mediumint(9) NOT NULL AUTO_INCREMENT,
  `val` varchar(255) DEFAULT NULL,
  PRIMARY KEY (`id`) USING BTREE
) ENGINE=InnoDB AUTO_INCREMENT=4 DEFAULT CHARSET=utf8;
/*!40101 SET character_set_client = @saved_cs_client */;

--
-- Dumping data for table `region_level1_pl`
--

LOCK TABLES `region_level1_pl` WRITE;
/*!40000 ALTER TABLE `region_level1_pl` DISABLE KEYS */;
INSERT INTO `region_level1_pl` VALUES (1,'北中国'),(2,'南中国'),(3,'东中国');
/*!40000 ALTER TABLE `region_level1_pl` ENABLE KEYS */;
UNLOCK TABLES;

--
-- Table structure for table `region_level2_pl`
--

DROP TABLE IF EXISTS `region_level2_pl`;
/*!40101 SET @saved_cs_client     = @@character_set_client */;
/*!40101 SET character_set_client = utf8 */;
CREATE TABLE `region_level2_pl` (
  `id` mediumint(9) NOT NULL AUTO_INCREMENT,
  `val` varchar(255) DEFAULT NULL,
  PRIMARY KEY (`id`) USING BTREE
) ENGINE=InnoDB AUTO_INCREMENT=8 DEFAULT CHARSET=utf8;
/*!40101 SET character_set_client = @saved_cs_client */;

--
-- Dumping data for table `region_level2_pl`
--

LOCK TABLES `region_level2_pl` WRITE;
/*!40000 ALTER TABLE `region_level2_pl` DISABLE KEYS */;
INSERT INTO `region_level2_pl` VALUES (1,'华北'),(2,'西北'),(3,'东北'),(4,'西南'),(5,'华南'),(6,'华中'),(7,'华东');
/*!40000 ALTER TABLE `region_level2_pl` ENABLE KEYS */;
UNLOCK TABLES;

--
-- Table structure for table `role`
--

DROP TABLE IF EXISTS `role`;
/*!40101 SET @saved_cs_client     = @@character_set_client */;
/*!40101 SET character_set_client = utf8 */;
CREATE TABLE `role` (
  `id` mediumint(9) NOT NULL AUTO_INCREMENT,
  `val` varchar(255) DEFAULT NULL,
  PRIMARY KEY (`id`) USING BTREE
) ENGINE=InnoDB AUTO_INCREMENT=6 DEFAULT CHARSET=utf8;
/*!40101 SET character_set_client = @saved_cs_client */;

--
-- Dumping data for table `role`
--

LOCK TABLES `role` WRITE;
/*!40000 ALTER TABLE `role` DISABLE KEYS */;
INSERT INTO `role` VALUES (1,'MCPC销售代表'),(2,'主管'),(3,'区域经理'),(4,'服务经理'),(5,'高级用户');
/*!40000 ALTER TABLE `role` ENABLE KEYS */;
UNLOCK TABLES;

--
-- Table structure for table `sex_pl`
--

DROP TABLE IF EXISTS `sex_pl`;
/*!40101 SET @saved_cs_client     = @@character_set_client */;
/*!40101 SET character_set_client = utf8 */;
CREATE TABLE `sex_pl` (
  `id` mediumint(9) NOT NULL AUTO_INCREMENT,
  `val` varchar(255) DEFAULT NULL,
  PRIMARY KEY (`id`) USING BTREE
) ENGINE=InnoDB AUTO_INCREMENT=3 DEFAULT CHARSET=utf8;
/*!40101 SET character_set_client = @saved_cs_client */;

--
-- Dumping data for table `sex_pl`
--

LOCK TABLES `sex_pl` WRITE;
/*!40000 ALTER TABLE `sex_pl` DISABLE KEYS */;
INSERT INTO `sex_pl` VALUES (1,'男'),(2,'女');
/*!40000 ALTER TABLE `sex_pl` ENABLE KEYS */;
UNLOCK TABLES;
/*!40103 SET TIME_ZONE=@OLD_TIME_ZONE */;

/*!40101 SET SQL_MODE=@OLD_SQL_MODE */;
/*!40014 SET FOREIGN_KEY_CHECKS=@OLD_FOREIGN_KEY_CHECKS */;
/*!40014 SET UNIQUE_CHECKS=@OLD_UNIQUE_CHECKS */;
/*!40101 SET CHARACTER_SET_CLIENT=@OLD_CHARACTER_SET_CLIENT */;
/*!40101 SET CHARACTER_SET_RESULTS=@OLD_CHARACTER_SET_RESULTS */;
/*!40101 SET COLLATION_CONNECTION=@OLD_COLLATION_CONNECTION */;
/*!40111 SET SQL_NOTES=@OLD_SQL_NOTES */;

-- Dump completed on 2013-08-07 22:58:02
