-- MySQL dump 10.13  Distrib 5.5.30, for osx10.6 (i386)
--
-- Host: localhost    Database: crmdb
-- ------------------------------------------------------
-- Server version	5.5.30

/*!40101 SET @OLD_CHARACTER_SET_CLIENT=@@CHARACTER_SET_CLIENT */;
/*!40101 SET @OLD_CHARACTER_SET_RESULTS=@@CHARACTER_SET_RESULTS */;
/*!40101 SET @OLD_COLLATION_CONNECTION=@@COLLATION_CONNECTION */;
/*!40101 SET NAMES utf8 */;
/*!40103 SET @OLD_TIME_ZONE=@@TIME_ZONE */;
/*!40103 SET TIME_ZONE='+00:00' */;
/*!40014 SET @OLD_UNIQUE_CHECKS=@@UNIQUE_CHECKS, UNIQUE_CHECKS=0 */;
/*!40014 SET @OLD_FOREIGN_KEY_CHECKS=@@FOREIGN_KEY_CHECKS, FOREIGN_KEY_CHECKS=0 */;
/*!40101 SET @OLD_SQL_MODE=@@SQL_MODE, SQL_MODE='NO_AUTO_VALUE_ON_ZERO' */;
/*!40111 SET @OLD_SQL_NOTES=@@SQL_NOTES, SQL_NOTES=0 */;

--
-- Table structure for table `account`
--

DROP TABLE IF EXISTS `account`;
/*!40101 SET @saved_cs_client     = @@character_set_client */;
/*!40101 SET character_set_client = utf8 */;
CREATE TABLE `account` (
  `id` mediumint(9) NOT NULL AUTO_INCREMENT,
  `name` varchar(255) NOT NULL,
  `address` varchar(255) DEFAULT NULL,
  `cityId` mediumint(9) DEFAULT NULL,
  `classification` varchar(255) DEFAULT NULL,
  `isKeyAccount` tinyint(1) DEFAULT NULL,
  `level` varchar(255) DEFAULT NULL,
  `photo` varchar(255) DEFAULT NULL,
  `status` varchar(128) DEFAULT NULL,
  `tele` varchar(255) DEFAULT NULL,
  `pl1` mediumint(9) DEFAULT NULL,
  `pl2` mediumint(9) DEFAULT NULL,
  `pl3` mediumint(9) DEFAULT NULL,
  `pl4` mediumint(9) DEFAULT NULL,
  `pl5` mediumint(9) DEFAULT NULL,
  `pl6` mediumint(9) DEFAULT NULL,
  PRIMARY KEY (`id`) USING BTREE
) ENGINE=InnoDB AUTO_INCREMENT=101 DEFAULT CHARSET=utf8;
/*!40101 SET character_set_client = @saved_cs_client */;

--
-- Dumping data for table `account`
--

LOCK TABLES `account` WRITE;
/*!40000 ALTER TABLE `account` DISABLE KEYS */;
INSERT INTO `account` VALUES (1,'北京大学第1医院','北京市西城区西什库大街1号',34,'综合医院',NULL,NULL,'image/a1.gif',NULL,'010-6655-1',3,2,2,3,3,3),(2,'北京大学第2医院','北京市西城区西什库大街2号',36,'综合医院',NULL,NULL,'image/a1.gif',NULL,'010-6655-2',3,2,2,3,2,2),(3,'北京大学第3医院','北京市西城区西什库大街3号',26,'综合医院',NULL,NULL,'image/a1.gif',NULL,'010-6655-3',1,1,1,3,1,2),(4,'北京大学第4医院','北京市西城区西什库大街4号',87,'综合医院',NULL,NULL,'image/a1.gif',NULL,'010-6655-4',3,1,1,3,2,1),(5,'北京大学第5医院','北京市西城区西什库大街5号',59,'综合医院',NULL,NULL,'image/a1.gif',NULL,'010-6655-5',1,3,1,1,2,1),(6,'北京大学第6医院','北京市西城区西什库大街6号',59,'综合医院',NULL,NULL,'image/a1.gif',NULL,'010-6655-6',1,2,2,3,2,2),(7,'北京大学第7医院','北京市西城区西什库大街7号',60,'综合医院',NULL,NULL,'image/a1.gif',NULL,'010-6655-7',2,1,2,3,3,1),(8,'北京大学第8医院','北京市西城区西什库大街8号',62,'综合医院',NULL,NULL,'image/a1.gif',NULL,'010-6655-8',3,2,2,3,2,1),(9,'北京大学第9医院','北京市西城区西什库大街9号',48,'综合医院',NULL,NULL,'image/a1.gif',NULL,'010-6655-9',1,2,1,2,2,3),(10,'北京大学第10医院','北京市西城区西什库大街10号',76,'综合医院',NULL,NULL,'image/a1.gif',NULL,'010-6655-10',3,2,2,2,3,2),(11,'北京大学第11医院','北京市西城区西什库大街11号',85,'综合医院',NULL,NULL,'image/a1.gif',NULL,'010-6655-11',2,2,1,3,2,2),(12,'北京大学第12医院','北京市西城区西什库大街12号',29,'综合医院',NULL,NULL,'image/a1.gif',NULL,'010-6655-12',1,2,2,3,2,1),(13,'北京大学第13医院','北京市西城区西什库大街13号',76,'综合医院',NULL,NULL,'image/a1.gif',NULL,'010-6655-13',3,2,1,1,1,1),(14,'北京大学第14医院','北京市西城区西什库大街14号',53,'综合医院',NULL,NULL,'image/a1.gif',NULL,'010-6655-14',3,2,2,1,1,2),(15,'北京大学第15医院','北京市西城区西什库大街15号',51,'综合医院',NULL,NULL,'image/a1.gif',NULL,'010-6655-15',1,3,2,2,2,2),(16,'北京大学第16医院','北京市西城区西什库大街16号',56,'综合医院',NULL,NULL,'image/a1.gif',NULL,'010-6655-16',3,1,2,1,3,2),(17,'北京大学第17医院','北京市西城区西什库大街17号',81,'综合医院',NULL,NULL,'image/a1.gif',NULL,'010-6655-17',3,3,1,3,1,3),(18,'北京大学第18医院','北京市西城区西什库大街18号',48,'综合医院',NULL,NULL,'image/a1.gif',NULL,'010-6655-18',3,2,1,2,2,3),(19,'北京大学第19医院','北京市西城区西什库大街19号',15,'综合医院',NULL,NULL,'image/a1.gif',NULL,'010-6655-19',3,3,1,1,2,3),(20,'北京大学第20医院','北京市西城区西什库大街20号',3,'综合医院',NULL,NULL,'image/a1.gif',NULL,'010-6655-20',2,2,2,3,2,2),(21,'北京大学第21医院','北京市西城区西什库大街21号',2,'综合医院',NULL,NULL,'image/a1.gif',NULL,'010-6655-21',2,3,2,1,1,3),(22,'北京大学第22医院','北京市西城区西什库大街22号',64,'综合医院',NULL,NULL,'image/a1.gif',NULL,'010-6655-22',2,1,2,1,3,1),(23,'北京大学第23医院','北京市西城区西什库大街23号',52,'综合医院',NULL,NULL,'image/a1.gif',NULL,'010-6655-23',1,3,2,2,2,3),(24,'北京大学第24医院','北京市西城区西什库大街24号',81,'综合医院',NULL,NULL,'image/a1.gif',NULL,'010-6655-24',3,1,1,1,1,3),(25,'北京大学第25医院','北京市西城区西什库大街25号',88,'综合医院',NULL,NULL,'image/a1.gif',NULL,'010-6655-25',1,1,1,3,1,1),(26,'北京大学第26医院','北京市西城区西什库大街26号',31,'综合医院',NULL,NULL,'image/a1.gif',NULL,'010-6655-26',3,1,1,2,3,3),(27,'北京大学第27医院','北京市西城区西什库大街27号',89,'综合医院',NULL,NULL,'image/a1.gif',NULL,'010-6655-27',1,2,2,2,2,1),(28,'北京大学第28医院','北京市西城区西什库大街28号',24,'综合医院',NULL,NULL,'image/a1.gif',NULL,'010-6655-28',2,3,1,1,3,3),(29,'北京大学第29医院','北京市西城区西什库大街29号',75,'综合医院',NULL,NULL,'image/a1.gif',NULL,'010-6655-29',1,3,2,2,3,2),(30,'北京大学第30医院','北京市西城区西什库大街30号',30,'综合医院',NULL,NULL,'image/a1.gif',NULL,'010-6655-30',2,2,2,3,3,3),(31,'北京大学第31医院','北京市西城区西什库大街31号',73,'综合医院',NULL,NULL,'image/a1.gif',NULL,'010-6655-31',3,2,2,3,2,1),(32,'北京大学第32医院','北京市西城区西什库大街32号',47,'综合医院',NULL,NULL,'image/a1.gif',NULL,'010-6655-32',2,2,1,3,2,3),(33,'北京大学第33医院','北京市西城区西什库大街33号',61,'综合医院',NULL,NULL,'image/a1.gif',NULL,'010-6655-33',2,2,2,3,3,1),(34,'北京大学第34医院','北京市西城区西什库大街34号',25,'综合医院',NULL,NULL,'image/a1.gif',NULL,'010-6655-34',2,1,2,2,1,3),(35,'北京大学第35医院','北京市西城区西什库大街35号',1,'综合医院',NULL,NULL,'image/a1.gif',NULL,'010-6655-35',1,1,2,2,1,2),(36,'北京大学第36医院','北京市西城区西什库大街36号',38,'综合医院',NULL,NULL,'image/a1.gif',NULL,'010-6655-36',3,2,2,1,3,2),(37,'北京大学第37医院','北京市西城区西什库大街37号',9,'综合医院',NULL,NULL,'image/a1.gif',NULL,'010-6655-37',3,2,2,1,3,3),(38,'北京大学第38医院','北京市西城区西什库大街38号',12,'综合医院',NULL,NULL,'image/a1.gif',NULL,'010-6655-38',2,2,1,2,2,2),(39,'北京大学第39医院','北京市西城区西什库大街39号',15,'综合医院',NULL,NULL,'image/a1.gif',NULL,'010-6655-39',1,2,2,1,1,3),(40,'北京大学第40医院','北京市西城区西什库大街40号',29,'综合医院',NULL,NULL,'image/a1.gif',NULL,'010-6655-40',1,3,2,3,3,1),(41,'北京大学第41医院','北京市西城区西什库大街41号',76,'综合医院',NULL,NULL,'image/a1.gif',NULL,'010-6655-41',2,2,1,2,3,3),(42,'北京大学第42医院','北京市西城区西什库大街42号',72,'综合医院',NULL,NULL,'image/a1.gif',NULL,'010-6655-42',3,1,2,1,2,2),(43,'北京大学第43医院','北京市西城区西什库大街43号',79,'综合医院',NULL,NULL,'image/a1.gif',NULL,'010-6655-43',1,2,2,2,2,1),(44,'北京大学第44医院','北京市西城区西什库大街44号',31,'综合医院',NULL,NULL,'image/a1.gif',NULL,'010-6655-44',2,2,1,3,3,1),(45,'北京大学第45医院','北京市西城区西什库大街45号',11,'综合医院',NULL,NULL,'image/a1.gif',NULL,'010-6655-45',1,2,1,2,1,3),(46,'北京大学第46医院','北京市西城区西什库大街46号',27,'综合医院',NULL,NULL,'image/a1.gif',NULL,'010-6655-46',1,1,2,3,2,1),(47,'北京大学第47医院','北京市西城区西什库大街47号',84,'综合医院',NULL,NULL,'image/a1.gif',NULL,'010-6655-47',2,1,2,2,2,1),(48,'北京大学第48医院','北京市西城区西什库大街48号',41,'综合医院',NULL,NULL,'image/a1.gif',NULL,'010-6655-48',1,2,2,1,1,3),(49,'北京大学第49医院','北京市西城区西什库大街49号',75,'综合医院',NULL,NULL,'image/a1.gif',NULL,'010-6655-49',3,3,1,3,3,1),(50,'北京大学第50医院','北京市西城区西什库大街50号',89,'综合医院',NULL,NULL,'image/a1.gif',NULL,'010-6655-50',1,1,2,3,3,1),(51,'北京大学第51医院','北京市西城区西什库大街51号',16,'综合医院',NULL,NULL,'image/a1.gif',NULL,'010-6655-51',2,3,2,1,2,2),(52,'北京大学第52医院','北京市西城区西什库大街52号',84,'综合医院',NULL,NULL,'image/a1.gif',NULL,'010-6655-52',2,2,1,2,2,2),(53,'北京大学第53医院','北京市西城区西什库大街53号',73,'综合医院',NULL,NULL,'image/a1.gif',NULL,'010-6655-53',2,1,1,3,2,2),(54,'北京大学第54医院','北京市西城区西什库大街54号',93,'综合医院',NULL,NULL,'image/a1.gif',NULL,'010-6655-54',3,2,2,1,2,2),(55,'北京大学第55医院','北京市西城区西什库大街55号',56,'综合医院',NULL,NULL,'image/a1.gif',NULL,'010-6655-55',1,2,1,3,1,3),(56,'北京大学第56医院','北京市西城区西什库大街56号',92,'综合医院',NULL,NULL,'image/a1.gif',NULL,'010-6655-56',3,1,2,3,2,2),(57,'北京大学第57医院','北京市西城区西什库大街57号',78,'综合医院',NULL,NULL,'image/a1.gif',NULL,'010-6655-57',3,2,1,3,3,3),(58,'北京大学第58医院','北京市西城区西什库大街58号',61,'综合医院',NULL,NULL,'image/a1.gif',NULL,'010-6655-58',1,3,1,3,2,1),(59,'北京大学第59医院','北京市西城区西什库大街59号',63,'综合医院',NULL,NULL,'image/a1.gif',NULL,'010-6655-59',3,3,1,3,2,1),(60,'北京大学第60医院','北京市西城区西什库大街60号',19,'综合医院',NULL,NULL,'image/a1.gif',NULL,'010-6655-60',3,3,1,3,2,2),(61,'北京大学第61医院','北京市西城区西什库大街61号',95,'综合医院',NULL,NULL,'image/a1.gif',NULL,'010-6655-61',2,2,1,2,2,1),(62,'北京大学第62医院','北京市西城区西什库大街62号',8,'综合医院',NULL,NULL,'image/a1.gif',NULL,'010-6655-62',3,2,2,2,1,3),(63,'北京大学第63医院','北京市西城区西什库大街63号',62,'综合医院',NULL,NULL,'image/a1.gif',NULL,'010-6655-63',3,2,2,3,1,1),(64,'北京大学第64医院','北京市西城区西什库大街64号',96,'综合医院',NULL,NULL,'image/a1.gif',NULL,'010-6655-64',3,3,2,1,3,2),(65,'北京大学第65医院','北京市西城区西什库大街65号',37,'综合医院',NULL,NULL,'image/a1.gif',NULL,'010-6655-65',3,3,1,1,3,1),(66,'北京大学第66医院','北京市西城区西什库大街66号',8,'综合医院',NULL,NULL,'image/a1.gif',NULL,'010-6655-66',1,2,2,3,2,2),(67,'北京大学第67医院','北京市西城区西什库大街67号',46,'综合医院',NULL,NULL,'image/a1.gif',NULL,'010-6655-67',3,1,2,1,1,3),(68,'北京大学第68医院','北京市西城区西什库大街68号',22,'综合医院',NULL,NULL,'image/a1.gif',NULL,'010-6655-68',2,2,1,1,1,2),(69,'北京大学第69医院','北京市西城区西什库大街69号',36,'综合医院',NULL,NULL,'image/a1.gif',NULL,'010-6655-69',3,3,1,1,1,1),(70,'北京大学第70医院','北京市西城区西什库大街70号',28,'综合医院',NULL,NULL,'image/a1.gif',NULL,'010-6655-70',2,3,1,3,1,3),(71,'北京大学第71医院','北京市西城区西什库大街71号',70,'综合医院',NULL,NULL,'image/a1.gif',NULL,'010-6655-71',1,3,2,2,3,1),(72,'北京大学第72医院','北京市西城区西什库大街72号',92,'综合医院',NULL,NULL,'image/a1.gif',NULL,'010-6655-72',3,2,2,3,1,2),(73,'北京大学第73医院','北京市西城区西什库大街73号',72,'综合医院',NULL,NULL,'image/a1.gif',NULL,'010-6655-73',2,3,1,3,2,3),(74,'北京大学第74医院','北京市西城区西什库大街74号',66,'综合医院',NULL,NULL,'image/a1.gif',NULL,'010-6655-74',2,2,2,1,1,3),(75,'北京大学第75医院','北京市西城区西什库大街75号',36,'综合医院',NULL,NULL,'image/a1.gif',NULL,'010-6655-75',2,1,2,2,1,1),(76,'北京大学第76医院','北京市西城区西什库大街76号',43,'综合医院',NULL,NULL,'image/a1.gif',NULL,'010-6655-76',1,2,2,3,1,3),(77,'北京大学第77医院','北京市西城区西什库大街77号',5,'综合医院',NULL,NULL,'image/a1.gif',NULL,'010-6655-77',3,1,1,1,3,3),(78,'北京大学第78医院','北京市西城区西什库大街78号',87,'综合医院',NULL,NULL,'image/a1.gif',NULL,'010-6655-78',3,2,2,2,2,1),(79,'北京大学第79医院','北京市西城区西什库大街79号',92,'综合医院',NULL,NULL,'image/a1.gif',NULL,'010-6655-79',3,1,2,1,2,1),(80,'北京大学第80医院','北京市西城区西什库大街80号',88,'综合医院',NULL,NULL,'image/a1.gif',NULL,'010-6655-80',3,1,1,3,1,1),(81,'北京大学第81医院','北京市西城区西什库大街81号',63,'综合医院',NULL,NULL,'image/a1.gif',NULL,'010-6655-81',2,2,1,2,2,1),(82,'北京大学第82医院','北京市西城区西什库大街82号',29,'综合医院',NULL,NULL,'image/a1.gif',NULL,'010-6655-82',1,3,2,2,3,1),(83,'北京大学第83医院','北京市西城区西什库大街83号',13,'综合医院',NULL,NULL,'image/a1.gif',NULL,'010-6655-83',3,1,2,1,3,3),(84,'北京大学第84医院','北京市西城区西什库大街84号',79,'综合医院',NULL,NULL,'image/a1.gif',NULL,'010-6655-84',1,3,2,3,1,3),(85,'北京大学第85医院','北京市西城区西什库大街85号',28,'综合医院',NULL,NULL,'image/a1.gif',NULL,'010-6655-85',3,2,1,3,3,3),(86,'北京大学第86医院','北京市西城区西什库大街86号',10,'综合医院',NULL,NULL,'image/a1.gif',NULL,'010-6655-86',1,1,2,2,3,2),(87,'北京大学第87医院','北京市西城区西什库大街87号',5,'综合医院',NULL,NULL,'image/a1.gif',NULL,'010-6655-87',3,3,2,3,1,1),(88,'北京大学第88医院','北京市西城区西什库大街88号',54,'综合医院',NULL,NULL,'image/a1.gif',NULL,'010-6655-88',2,3,2,3,3,2),(89,'北京大学第89医院','北京市西城区西什库大街89号',59,'综合医院',NULL,NULL,'image/a1.gif',NULL,'010-6655-89',3,2,1,3,1,2),(90,'北京大学第90医院','北京市西城区西什库大街90号',2,'综合医院',NULL,NULL,'image/a1.gif',NULL,'010-6655-90',1,2,2,1,2,2),(91,'北京大学第91医院','北京市西城区西什库大街91号',89,'综合医院',NULL,NULL,'image/a1.gif',NULL,'010-6655-91',3,3,1,1,3,2),(92,'北京大学第92医院','北京市西城区西什库大街92号',37,'综合医院',NULL,NULL,'image/a1.gif',NULL,'010-6655-92',3,1,2,2,2,1),(93,'北京大学第93医院','北京市西城区西什库大街93号',13,'综合医院',NULL,NULL,'image/a1.gif',NULL,'010-6655-93',3,3,2,1,1,2),(94,'北京大学第94医院','北京市西城区西什库大街94号',58,'综合医院',NULL,NULL,'image/a1.gif',NULL,'010-6655-94',2,3,1,3,1,3),(95,'北京大学第95医院','北京市西城区西什库大街95号',85,'综合医院',NULL,NULL,'image/a1.gif',NULL,'010-6655-95',1,3,2,2,2,1),(96,'北京大学第96医院','北京市西城区西什库大街96号',72,'综合医院',NULL,NULL,'image/a1.gif',NULL,'010-6655-96',3,3,1,2,2,2),(97,'北京大学第97医院','北京市西城区西什库大街97号',36,'综合医院',NULL,NULL,'image/a1.gif',NULL,'010-6655-97',3,1,1,1,1,3),(98,'北京大学第98医院','北京市西城区西什库大街98号',18,'综合医院',NULL,NULL,'image/a1.gif',NULL,'010-6655-98',3,3,2,1,3,1),(99,'北京大学第99医院','北京市西城区西什库大街99号',29,'综合医院',NULL,NULL,'image/a1.gif',NULL,'010-6655-99',3,1,2,3,2,1),(100,'北京大学第100医院','北京市西城区西什库大街100号',90,'综合医院',NULL,NULL,'image/a1.gif',NULL,'010-6655-100',1,3,2,2,1,1);
/*!40000 ALTER TABLE `account` ENABLE KEYS */;
UNLOCK TABLES;

--
-- Table structure for table `account_pl1`
--

DROP TABLE IF EXISTS `account_pl1`;
/*!40101 SET @saved_cs_client     = @@character_set_client */;
/*!40101 SET character_set_client = utf8 */;
CREATE TABLE `account_pl1` (
  `id` mediumint(9) NOT NULL AUTO_INCREMENT,
  `val` varchar(255) DEFAULT NULL,
  PRIMARY KEY (`id`) USING BTREE
) ENGINE=InnoDB AUTO_INCREMENT=5 DEFAULT CHARSET=utf8;
/*!40101 SET character_set_client = @saved_cs_client */;

--
-- Dumping data for table `account_pl1`
--

LOCK TABLES `account_pl1` WRITE;
/*!40000 ALTER TABLE `account_pl1` DISABLE KEYS */;
INSERT INTO `account_pl1` VALUES (1,'有效'),(2,'无效'),(3,'终止'),(4,'候选');
/*!40000 ALTER TABLE `account_pl1` ENABLE KEYS */;
UNLOCK TABLES;

--
-- Table structure for table `account_pl2`
--

DROP TABLE IF EXISTS `account_pl2`;
/*!40101 SET @saved_cs_client     = @@character_set_client */;
/*!40101 SET character_set_client = utf8 */;
CREATE TABLE `account_pl2` (
  `id` mediumint(9) NOT NULL AUTO_INCREMENT,
  `val` varchar(255) DEFAULT NULL,
  PRIMARY KEY (`id`) USING BTREE
) ENGINE=InnoDB AUTO_INCREMENT=5 DEFAULT CHARSET=utf8;
/*!40101 SET character_set_client = @saved_cs_client */;

--
-- Dumping data for table `account_pl2`
--

LOCK TABLES `account_pl2` WRITE;
/*!40000 ALTER TABLE `account_pl2` DISABLE KEYS */;
INSERT INTO `account_pl2` VALUES (1,'A'),(2,'B'),(3,'C'),(4,'D');
/*!40000 ALTER TABLE `account_pl2` ENABLE KEYS */;
UNLOCK TABLES;

--
-- Table structure for table `account_pl3`
--

DROP TABLE IF EXISTS `account_pl3`;
/*!40101 SET @saved_cs_client     = @@character_set_client */;
/*!40101 SET character_set_client = utf8 */;
CREATE TABLE `account_pl3` (
  `id` mediumint(9) NOT NULL AUTO_INCREMENT,
  `val` varchar(255) DEFAULT NULL,
  PRIMARY KEY (`id`) USING BTREE
) ENGINE=InnoDB AUTO_INCREMENT=3 DEFAULT CHARSET=utf8;
/*!40101 SET character_set_client = @saved_cs_client */;

--
-- Dumping data for table `account_pl3`
--

LOCK TABLES `account_pl3` WRITE;
/*!40000 ALTER TABLE `account_pl3` DISABLE KEYS */;
INSERT INTO `account_pl3` VALUES (1,'是'),(2,'否');
/*!40000 ALTER TABLE `account_pl3` ENABLE KEYS */;
UNLOCK TABLES;

--
-- Table structure for table `account_pl4`
--

DROP TABLE IF EXISTS `account_pl4`;
/*!40101 SET @saved_cs_client     = @@character_set_client */;
/*!40101 SET character_set_client = utf8 */;
CREATE TABLE `account_pl4` (
  `id` mediumint(9) NOT NULL AUTO_INCREMENT,
  `val` varchar(255) DEFAULT NULL,
  PRIMARY KEY (`id`) USING BTREE
) ENGINE=InnoDB AUTO_INCREMENT=4 DEFAULT CHARSET=utf8;
/*!40101 SET character_set_client = @saved_cs_client */;

--
-- Dumping data for table `account_pl4`
--

LOCK TABLES `account_pl4` WRITE;
/*!40000 ALTER TABLE `account_pl4` DISABLE KEYS */;
INSERT INTO `account_pl4` VALUES (1,'一级城市'),(2,'二级城市'),(3,'战略城市');
/*!40000 ALTER TABLE `account_pl4` ENABLE KEYS */;
UNLOCK TABLES;

--
-- Table structure for table `account_pl5`
--

DROP TABLE IF EXISTS `account_pl5`;
/*!40101 SET @saved_cs_client     = @@character_set_client */;
/*!40101 SET character_set_client = utf8 */;
CREATE TABLE `account_pl5` (
  `id` mediumint(9) NOT NULL AUTO_INCREMENT,
  `val` varchar(255) DEFAULT NULL,
  PRIMARY KEY (`id`) USING BTREE
) ENGINE=InnoDB AUTO_INCREMENT=4 DEFAULT CHARSET=utf8;
/*!40101 SET character_set_client = @saved_cs_client */;

--
-- Dumping data for table `account_pl5`
--

LOCK TABLES `account_pl5` WRITE;
/*!40000 ALTER TABLE `account_pl5` DISABLE KEYS */;
INSERT INTO `account_pl5` VALUES (1,'北中国'),(2,'南中国'),(3,'东中国');
/*!40000 ALTER TABLE `account_pl5` ENABLE KEYS */;
UNLOCK TABLES;

--
-- Table structure for table `account_pl6`
--

DROP TABLE IF EXISTS `account_pl6`;
/*!40101 SET @saved_cs_client     = @@character_set_client */;
/*!40101 SET character_set_client = utf8 */;
CREATE TABLE `account_pl6` (
  `id` mediumint(9) NOT NULL AUTO_INCREMENT,
  `val` varchar(255) DEFAULT NULL,
  PRIMARY KEY (`id`) USING BTREE
) ENGINE=InnoDB AUTO_INCREMENT=4 DEFAULT CHARSET=utf8;
/*!40101 SET character_set_client = @saved_cs_client */;

--
-- Dumping data for table `account_pl6`
--

LOCK TABLES `account_pl6` WRITE;
/*!40000 ALTER TABLE `account_pl6` DISABLE KEYS */;
INSERT INTO `account_pl6` VALUES (1,'麻药目标医院'),(2,'慢痛目标医院'),(3,'其他');
/*!40000 ALTER TABLE `account_pl6` ENABLE KEYS */;
UNLOCK TABLES;

--
-- Table structure for table `accountcrmuser`
--

DROP TABLE IF EXISTS `accountcrmuser`;
/*!40101 SET @saved_cs_client     = @@character_set_client */;
/*!40101 SET character_set_client = utf8 */;
CREATE TABLE `accountcrmuser` (
  `id` mediumint(9) NOT NULL AUTO_INCREMENT,
  `accountId` mediumint(9) NOT NULL,
  `crmuserId` mediumint(9) NOT NULL,
  PRIMARY KEY (`id`) USING BTREE,
  UNIQUE KEY `accountId` (`accountId`,`crmuserId`)
) ENGINE=InnoDB AUTO_INCREMENT=2007 DEFAULT CHARSET=utf8;
/*!40101 SET character_set_client = @saved_cs_client */;

--
-- Dumping data for table `accountcrmuser`
--

LOCK TABLES `accountcrmuser` WRITE;
/*!40000 ALTER TABLE `accountcrmuser` DISABLE KEYS */;
INSERT INTO `accountcrmuser` VALUES (15,1,2),(5,1,9),(19,1,12),(9,1,17),(2,1,34),(16,1,36),(17,1,41),(18,1,45),(14,1,49),(11,1,52),(12,1,55),(3,1,59),(8,1,63),(10,1,74),(4,1,80),(20,1,81),(13,1,82),(1,1,89),(7,1,90),(21,2,3),(28,2,20),(35,2,24),(39,2,28),(40,2,30),(37,2,35),(25,2,36),(31,2,38),(23,2,43),(24,2,50),(26,2,56),(22,2,58),(27,2,61),(32,2,74),(29,2,82),(33,2,86),(36,2,94),(34,2,97),(52,3,7),(48,3,10),(41,3,11),(46,3,15),(56,3,23),(49,3,40),(57,3,42),(42,3,50),(50,3,54),(60,3,62),(55,3,68),(47,3,75),(45,3,77),(44,3,81),(43,3,88),(58,3,90),(53,3,96),(59,3,97),(72,4,3),(77,4,8),(63,4,10),(69,4,14),(71,4,20),(62,4,27),(68,4,28),(64,4,35),(61,4,38),(73,4,40),(80,4,51),(78,4,59),(75,4,61),(66,4,66),(65,4,69),(70,4,70),(74,4,84),(76,4,87),(79,4,98),(89,5,7),(98,5,12),(83,5,20),(84,5,21),(94,5,23),(96,5,24),(88,5,29),(81,5,30),(97,5,32),(91,5,42),(95,5,53),(99,5,56),(100,5,57),(85,5,64),(87,5,71),(90,5,72),(92,5,86),(82,5,87),(86,5,92),(101,6,3),(118,6,5),(109,6,11),(112,6,19),(105,6,23),(108,6,35),(107,6,37),(113,6,45),(111,6,46),(104,6,48),(106,6,55),(117,6,70),(116,6,73),(115,6,77),(120,6,79),(102,6,85),(119,6,92),(123,7,4),(135,7,8),(134,7,15),(124,7,17),(122,7,29),(133,7,33),(131,7,36),(139,7,40),(126,7,42),(140,7,54),(132,7,56),(129,7,58),(137,7,62),(127,7,63),(138,7,64),(121,7,73),(130,7,75),(125,7,80),(143,8,3),(149,8,4),(154,8,9),(148,8,18),(151,8,28),(156,8,47),(142,8,61),(145,8,64),(155,8,68),(141,8,71),(159,8,75),(150,8,76),(160,8,80),(157,8,85),(144,8,86),(146,8,92),(147,8,95),(158,8,96),(177,9,3),(164,9,11),(179,9,18),(173,9,19),(170,9,29),(176,9,36),(167,9,42),(168,9,49),(171,9,53),(166,9,59),(162,9,60),(178,9,61),(165,9,65),(172,9,71),(169,9,76),(163,9,88),(175,9,89),(174,9,91),(161,9,97),(195,10,3),(190,10,4),(192,10,6),(185,10,7),(183,10,15),(184,10,17),(191,10,18),(194,10,20),(198,10,21),(187,10,23),(181,10,30),(189,10,32),(197,10,49),(182,10,50),(193,10,51),(196,10,54),(186,10,74),(199,10,82),(188,10,95),(217,11,2),(207,11,32),(203,11,41),(208,11,44),(201,11,46),(205,11,48),(215,11,50),(206,11,52),(216,11,56),(210,11,57),(204,11,59),(214,11,67),(212,11,73),(219,11,74),(213,11,83),(202,11,88),(211,11,91),(209,11,98),(231,12,4),(235,12,5),(236,12,9),(239,12,16),(230,12,20),(240,12,22),(229,12,28),(232,12,49),(228,12,52),(238,12,63),(223,12,65),(224,12,73),(221,12,83),(233,12,88),(225,12,89),(226,12,91),(222,12,95),(227,12,97),(254,13,3),(257,13,8),(242,13,9),(2002,13,14),(247,13,20),(246,13,21),(251,13,35),(253,13,47),(255,13,52),(258,13,61),(259,13,63),(250,13,67),(245,13,72),(241,13,73),(256,13,79),(244,13,81),(248,13,90),(252,13,94),(243,13,97),(271,14,11),(270,14,13),(277,14,14),(263,14,15),(268,14,24),(278,14,26),(266,14,27),(261,14,54),(267,14,55),(272,14,58),(279,14,60),(265,14,63),(262,14,64),(274,14,67),(264,14,69),(280,14,91),(299,15,21),(290,15,25),(294,15,27),(282,15,31),(288,15,35),(284,15,42),(293,15,47),(292,15,48),(285,15,52),(300,15,57),(281,15,62),(287,15,66),(289,15,78),(291,15,85),(297,15,86),(286,15,87),(296,15,88),(283,15,92),(308,16,6),(304,16,8),(313,16,10),(310,16,11),(312,16,12),(319,16,13),(314,16,26),(301,16,27),(307,16,30),(302,16,35),(315,16,45),(311,16,49),(320,16,53),(317,16,72),(309,16,87),(303,16,92),(305,16,94),(322,17,5),(335,17,8),(2006,17,12),(323,17,29),(338,17,30),(333,17,32),(334,17,34),(337,17,38),(324,17,46),(332,17,51),(330,17,53),(325,17,54),(327,17,61),(321,17,63),(331,17,67),(328,17,69),(336,17,78),(340,17,85),(329,17,94),(356,18,7),(343,18,11),(350,18,12),(353,18,15),(347,18,19),(360,18,22),(355,18,26),(359,18,31),(341,18,36),(342,18,39),(348,18,44),(357,18,53),(351,18,60),(345,18,62),(349,18,68),(354,18,72),(352,18,78),(344,18,91),(372,19,5),(376,19,8),(371,19,9),(361,19,10),(364,19,13),(380,19,15),(366,19,16),(370,19,19),(367,19,31),(362,19,35),(379,19,44),(365,19,46),(373,19,53),(363,19,54),(374,19,57),(369,19,78),(368,19,79),(377,19,98),(387,20,4),(395,20,9),(386,20,12),(384,20,13),(390,20,14),(385,20,30),(391,20,31),(393,20,38),(381,20,47),(400,20,51),(398,20,52),(383,20,53),(392,20,61),(389,20,71),(394,20,90),(399,20,94),(388,20,96),(382,20,97),(414,21,2),(404,21,3),(408,21,9),(401,21,13),(415,21,18),(417,21,20),(419,21,22),(412,21,24),(403,21,33),(407,21,35),(405,21,37),(411,21,47),(420,21,49),(413,21,55),(406,21,56),(410,21,62),(409,21,71),(418,21,81),(416,21,84),(402,21,93),(425,22,7),(433,22,12),(434,22,15),(440,22,16),(428,22,18),(422,22,19),(426,22,23),(427,22,28),(421,22,39),(439,22,41),(432,22,59),(430,22,70),(438,22,71),(424,22,77),(429,22,84),(423,22,97),(436,22,98),(457,23,3),(447,23,4),(459,23,9),(460,23,25),(455,23,27),(458,23,31),(441,23,39),(450,23,40),(448,23,45),(444,23,46),(451,23,50),(453,23,51),(443,23,56),(446,23,75),(452,23,85),(454,23,89),(442,23,95),(445,23,98),(461,24,4),(471,24,6),(470,24,7),(474,24,14),(478,24,20),(472,24,29),(465,24,35),(475,24,45),(468,24,48),(469,24,51),(479,24,55),(467,24,67),(462,24,69),(480,24,72),(477,24,79),(466,24,84),(464,24,86),(484,25,4),(498,25,6),(500,25,8),(486,25,14),(495,25,34),(494,25,50),(492,25,51),(489,25,52),(482,25,54),(483,25,59),(490,25,61),(485,25,71),(496,25,72),(491,25,90),(487,25,91),(481,25,98),(511,26,6),(519,26,7),(510,26,9),(518,26,11),(506,26,12),(501,26,17),(512,26,21),(503,26,36),(515,26,42),(520,26,45),(505,26,53),(504,26,54),(517,26,56),(509,26,61),(502,26,63),(514,26,66),(508,26,77),(507,26,94),(521,27,23),(530,27,30),(538,27,31),(534,27,33),(529,27,44),(523,27,47),(528,27,50),(525,27,53),(533,27,59),(522,27,61),(531,27,63),(527,27,65),(536,27,68),(540,27,72),(535,27,83),(526,27,86),(539,27,87),(556,28,5),(558,28,13),(550,28,27),(560,28,37),(553,28,41),(545,28,46),(547,28,58),(541,28,59),(554,28,63),(548,28,67),(546,28,71),(557,28,72),(544,28,76),(551,28,79),(542,28,82),(543,28,85),(552,28,88),(549,28,91),(568,29,2),(580,29,4),(577,29,6),(579,29,10),(564,29,12),(578,29,17),(571,29,18),(563,29,28),(569,29,44),(574,29,47),(570,29,51),(565,29,52),(573,29,60),(576,29,61),(562,29,65),(566,29,68),(575,29,77),(561,29,86),(572,29,98),(596,30,6),(587,30,15),(595,30,20),(598,30,22),(590,30,30),(583,30,32),(582,30,37),(600,30,41),(588,30,44),(585,30,53),(593,30,60),(581,30,78),(584,30,79),(591,30,83),(597,30,93),(586,30,98),(615,31,6),(602,31,14),(604,31,17),(613,31,20),(603,31,25),(611,31,27),(619,31,30),(618,31,32),(608,31,33),(609,31,34),(616,31,37),(601,31,46),(620,31,54),(605,31,61),(607,31,72),(614,31,77),(606,31,90),(612,31,97),(621,32,16),(629,32,23),(631,32,27),(625,32,28),(640,32,32),(637,32,33),(624,32,34),(636,32,35),(638,32,44),(628,32,45),(622,32,54),(626,32,65),(639,32,67),(634,32,68),(632,32,71),(623,32,76),(627,32,83),(646,33,3),(653,33,4),(652,33,6),(650,33,16),(656,33,19),(647,33,23),(660,33,28),(645,33,42),(641,33,49),(651,33,54),(658,33,62),(655,33,69),(654,33,74),(649,33,76),(644,33,83),(642,33,88),(643,33,97),(669,34,12),(675,34,13),(667,34,24),(662,34,28),(673,34,30),(664,34,33),(668,34,39),(661,34,45),(665,34,46),(672,34,47),(666,34,48),(680,34,49),(670,34,52),(678,34,61),(674,34,72),(671,34,80),(676,34,82),(663,34,90),(693,35,5),(683,35,10),(2005,35,11),(2001,35,12),(2004,35,15),(695,35,17),(689,35,18),(697,35,29),(686,35,43),(681,35,48),(684,35,49),(691,35,55),(687,35,57),(699,35,60),(694,35,64),(685,35,68),(692,35,69),(682,35,85),(688,35,88),(690,35,95),(696,35,97),(704,36,5),(713,36,7),(705,36,8),(712,36,9),(711,36,12),(717,36,14),(701,36,17),(710,36,21),(707,36,25),(714,36,63),(708,36,67),(702,36,73),(716,36,75),(718,36,84),(706,36,89),(720,36,93),(703,36,96),(709,36,97),(726,37,4),(729,37,8),(734,37,14),(740,37,20),(732,37,24),(731,37,27),(735,37,34),(730,37,35),(725,37,57),(721,37,62),(722,37,67),(727,37,73),(736,37,79),(728,37,89),(733,37,90),(738,37,97),(723,37,98),(754,38,2),(759,38,7),(760,38,10),(749,38,11),(758,38,18),(751,38,26),(750,38,41),(752,38,51),(744,38,54),(741,38,73),(742,38,77),(748,38,78),(753,38,81),(755,38,82),(757,38,87),(743,38,88),(745,38,90),(747,38,92),(746,38,93),(778,39,9),(769,39,11),(761,39,15),(771,39,21),(762,39,23),(772,39,25),(776,39,26),(767,39,29),(774,39,33),(773,39,37),(768,39,44),(779,39,47),(770,39,57),(780,39,62),(766,39,63),(765,39,64),(764,39,68),(763,39,82),(777,39,83),(775,39,93),(795,40,7),(786,40,14),(794,40,18),(800,40,23),(790,40,24),(782,40,28),(796,40,31),(789,40,40),(788,40,45),(797,40,46),(785,40,51),(793,40,57),(799,40,62),(787,40,72),(791,40,80),(798,40,87),(783,40,89),(792,40,91),(781,40,92),(784,40,95),(818,41,2),(810,41,3),(802,41,12),(807,41,29),(809,41,30),(814,41,31),(808,41,32),(820,41,40),(817,41,47),(803,41,52),(815,41,53),(805,41,56),(811,41,57),(806,41,59),(812,41,60),(816,41,67),(819,41,73),(801,41,75),(804,41,92),(824,42,3),(830,42,21),(838,42,22),(826,42,29),(829,42,40),(825,42,59),(822,42,61),(821,42,75),(823,42,83),(837,42,84),(828,42,85),(833,42,86),(832,42,87),(827,42,93),(848,43,4),(847,43,7),(858,43,11),(851,43,12),(846,43,13),(859,43,15),(854,43,22),(855,43,25),(856,43,29),(842,43,52),(850,43,58),(843,43,61),(849,43,63),(845,43,64),(860,43,79),(852,43,81),(844,43,84),(841,43,89),(876,44,9),(873,44,15),(875,44,19),(866,44,36),(865,44,39),(877,44,49),(878,44,51),(874,44,52),(869,44,58),(868,44,59),(863,44,60),(880,44,67),(871,44,73),(864,44,74),(861,44,84),(862,44,85),(872,44,92),(870,44,96),(895,45,2),(900,45,4),(890,45,7),(892,45,8),(896,45,21),(882,45,22),(893,45,24),(888,45,28),(881,45,36),(883,45,42),(884,45,45),(891,45,58),(894,45,60),(898,45,68),(897,45,70),(887,45,72),(889,45,73),(899,45,81),(885,45,84),(886,45,88),(913,46,2),(912,46,10),(910,46,11),(918,46,12),(901,46,14),(919,46,24),(914,46,32),(916,46,34),(909,46,41),(902,46,44),(904,46,48),(908,46,52),(911,46,53),(903,46,67),(917,46,69),(920,46,77),(907,46,78),(915,46,82),(931,47,4),(932,47,16),(940,47,21),(924,47,25),(938,47,26),(922,47,27),(937,47,34),(929,47,36),(923,47,38),(926,47,39),(927,47,40),(930,47,52),(936,47,58),(921,47,74),(935,47,77),(925,47,86),(939,47,92),(959,48,3),(957,48,17),(942,48,19),(946,48,28),(944,48,32),(958,48,39),(954,48,42),(960,48,49),(949,48,54),(953,48,57),(952,48,63),(947,48,71),(943,48,72),(945,48,74),(951,48,78),(950,48,90),(956,48,91),(955,48,96),(941,48,97),(962,49,5),(969,49,6),(975,49,19),(970,49,21),(973,49,31),(971,49,34),(965,49,35),(972,49,43),(979,49,49),(967,49,52),(978,49,60),(966,49,64),(977,49,66),(964,49,67),(980,49,85),(974,49,87),(961,49,93),(963,49,97),(986,50,10),(982,50,15),(994,50,22),(992,50,24),(990,50,29),(988,50,32),(1000,50,36),(997,50,37),(985,50,41),(987,50,51),(983,50,60),(981,50,67),(991,50,77),(996,50,84),(984,50,86),(998,50,88),(999,50,93),(989,50,97),(1017,51,6),(1020,51,12),(1018,51,15),(1001,51,21),(1012,51,27),(1010,51,42),(1005,51,47),(1003,51,49),(1004,51,51),(1002,51,55),(1006,51,56),(1011,51,66),(1007,51,73),(1008,51,80),(1014,51,81),(1016,51,96),(1009,51,97),(1025,52,3),(1029,52,13),(1032,52,18),(1039,52,20),(1031,52,23),(1023,52,25),(1021,52,38),(1037,52,40),(1026,52,41),(1028,52,44),(1040,52,55),(1022,52,73),(1030,52,74),(1033,52,79),(1036,52,80),(1024,52,88),(1027,52,89),(1034,52,98),(1042,53,2),(1049,53,5),(1058,53,12),(1054,53,18),(1043,53,20),(1047,53,33),(1044,53,34),(1059,53,41),(1045,53,43),(1048,53,52),(1050,53,53),(1052,53,59),(1056,53,65),(1051,53,69),(1041,53,74),(1060,53,88),(1046,53,90),(1057,53,96),(1075,54,4),(1061,54,15),(1079,54,17),(1078,54,26),(1070,54,27),(1063,54,30),(1077,54,33),(1076,54,35),(1072,54,44),(1073,54,51),(1065,54,53),(1067,54,55),(1066,54,68),(1074,54,81),(1062,54,84),(1069,54,86),(1068,54,90),(1064,54,97),(1080,54,98),(1090,55,2),(1081,55,8),(1096,55,17),(1100,55,19),(1082,55,21),(1083,55,23),(1094,55,27),(1099,55,34),(1088,55,38),(1085,55,40),(1089,55,43),(1098,55,46),(1093,55,58),(1092,55,74),(1086,55,76),(1087,55,87),(1091,55,91),(1095,55,93),(1115,56,2),(1111,56,8),(1119,56,10),(1117,56,20),(1116,56,37),(1114,56,40),(1105,56,49),(1108,56,53),(1109,56,54),(1113,56,55),(1103,56,60),(1120,56,69),(1110,56,71),(1118,56,72),(1101,56,77),(1104,56,78),(1112,56,88),(1102,56,96),(1107,56,98),(1130,57,6),(1121,57,17),(1125,57,19),(1122,57,28),(1124,57,34),(1131,57,40),(1136,57,44),(1132,57,46),(1134,57,53),(1129,57,62),(1128,57,64),(1133,57,67),(1135,57,72),(1126,57,79),(1138,57,82),(1137,57,85),(1123,57,94),(1127,57,95),(1144,58,5),(1146,58,7),(1154,58,9),(1147,58,38),(1141,58,40),(1157,58,43),(1152,58,50),(1160,58,54),(1145,58,55),(1158,58,59),(1151,58,63),(1143,58,66),(1159,58,67),(1142,58,68),(1155,58,78),(1150,58,79),(1148,58,84),(1153,58,85),(1149,58,96),(1164,59,8),(1176,59,19),(1168,59,21),(1169,59,29),(1170,59,35),(1161,59,38),(1180,59,40),(1173,59,45),(1163,59,47),(1171,59,52),(1165,59,56),(1178,59,61),(1175,59,68),(1174,59,75),(1162,59,80),(1166,59,83),(1172,59,86),(1167,59,87),(1179,59,97),(1182,60,2),(1189,60,9),(1181,60,10),(1196,60,11),(1193,60,30),(1195,60,41),(1186,60,42),(1194,60,48),(1184,60,52),(1198,60,55),(1191,60,66),(1200,60,70),(1192,60,72),(1188,60,74),(1183,60,80),(1185,60,86),(1190,60,91),(1199,60,97),(1205,61,10),(1217,61,13),(1218,61,14),(1213,61,22),(1216,61,24),(1215,61,28),(1202,61,29),(1209,61,46),(1204,61,52),(1206,61,66),(1214,61,67),(1201,61,76),(1220,61,79),(1207,61,80),(1208,61,84),(1212,61,86),(1203,61,87),(1210,61,90),(1211,61,92),(1236,62,19),(1230,62,24),(1234,62,26),(1222,62,28),(1226,62,33),(1232,62,36),(1237,62,39),(1240,62,40),(1227,62,41),(1238,62,48),(1233,62,69),(1223,62,76),(1239,62,80),(1228,62,82),(1225,62,84),(1224,62,86),(1221,62,88),(1229,62,96),(1241,63,2),(1248,63,6),(1252,63,12),(1243,63,19),(1250,63,20),(1249,63,28),(1255,63,29),(1242,63,49),(1253,63,52),(1260,63,53),(1259,63,57),(1256,63,61),(1251,63,63),(1246,63,68),(1244,63,69),(1245,63,74),(1247,63,77),(1257,63,91),(1274,64,3),(1270,64,10),(1279,64,12),(1265,64,15),(1275,64,17),(1269,64,19),(1261,64,25),(1267,64,33),(1272,64,39),(1277,64,53),(1264,64,63),(1280,64,68),(1262,64,70),(1266,64,73),(1263,64,76),(1273,64,82),(1271,64,89),(1278,64,97),(1295,65,2),(1288,65,8),(1283,65,10),(1281,65,24),(1282,65,26),(1286,65,30),(1293,65,33),(1292,65,41),(1287,65,47),(1300,65,48),(1296,65,64),(1291,65,65),(1290,65,67),(1294,65,72),(1298,65,76),(1289,65,81),(1285,65,82),(1284,65,89),(1299,65,91),(1305,66,2),(1306,66,4),(1304,66,14),(1318,66,17),(1311,66,21),(1317,66,30),(1319,66,32),(1308,66,33),(1303,66,35),(1301,66,45),(1320,66,47),(1316,66,51),(1315,66,64),(1307,66,68),(1313,66,74),(1312,66,79),(1302,66,83),(1323,67,9),(1329,67,11),(1331,67,16),(1335,67,31),(1321,67,49),(1334,67,52),(1336,67,57),(1332,67,65),(1327,67,69),(1322,67,73),(1337,67,76),(1330,67,82),(1326,67,84),(1333,67,85),(1324,67,89),(1338,67,92),(1353,68,7),(1357,68,8),(1354,68,13),(1356,68,14),(1355,68,19),(1352,68,24),(1350,68,36),(1342,68,39),(1346,68,41),(1345,68,44),(1351,68,46),(1359,68,53),(1358,68,54),(1343,68,60),(1349,68,74),(1347,68,75),(1341,68,78),(1348,68,81),(1344,68,91),(1362,69,3),(1369,69,8),(1379,69,9),(1375,69,14),(1372,69,17),(1370,69,20),(1373,69,30),(1368,69,33),(1363,69,42),(1366,69,56),(1376,69,59),(1361,69,60),(1371,69,63),(1365,69,65),(1364,69,75),(1374,69,78),(1377,69,91),(1380,69,94),(1367,69,97),(1393,70,3),(1392,70,4),(1384,70,6),(1400,70,9),(1391,70,19),(1382,70,26),(1381,70,35),(1398,70,45),(1383,70,48),(1396,70,49),(1385,70,58),(1390,70,61),(1388,70,64),(1397,70,71),(1395,70,72),(1387,70,77),(1389,70,80),(1399,70,95),(1386,70,96),(1403,71,11),(1414,71,16),(1405,71,20),(1412,71,21),(1409,71,27),(1415,71,36),(1416,71,43),(1420,71,45),(1404,71,51),(1401,71,53),(1410,71,67),(1408,71,74),(1413,71,78),(1407,71,81),(1402,71,83),(1406,71,86),(1418,71,87),(1417,71,98),(1439,72,7),(1426,72,8),(1432,72,11),(1434,72,19),(1438,72,29),(1424,72,30),(1423,72,33),(1425,72,38),(1440,72,39),(1430,72,45),(1433,72,52),(1436,72,68),(1435,72,74),(1428,72,76),(1431,72,78),(1422,72,80),(1421,72,82),(1437,72,89),(1429,72,91),(1427,72,92),(1446,73,3),(1460,73,4),(1444,73,19),(1447,73,22),(1458,73,23),(1452,73,24),(1459,73,36),(1448,73,39),(1449,73,44),(1453,73,56),(1450,73,62),(1442,73,64),(1441,73,68),(1454,73,69),(1443,73,75),(1445,73,79),(1455,73,92),(1471,74,5),(1470,74,7),(1464,74,14),(1476,74,28),(1479,74,30),(1468,74,38),(1467,74,41),(1480,74,43),(1469,74,45),(1472,74,48),(1473,74,49),(1462,74,55),(1478,74,65),(1475,74,72),(1461,74,75),(1466,74,78),(1477,74,81),(1463,74,89),(1493,75,14),(1483,75,16),(1490,75,22),(1489,75,34),(1482,75,37),(1485,75,44),(1496,75,46),(1491,75,64),(1494,75,65),(1495,75,67),(1481,75,70),(1498,75,71),(1500,75,77),(1492,75,79),(1484,75,80),(1487,75,81),(1486,75,82),(1497,75,87),(1509,76,2),(1513,76,3),(1504,76,7),(1518,76,11),(1511,76,21),(1505,76,25),(1508,76,36),(1503,76,41),(1519,76,46),(1517,76,48),(1512,76,71),(1520,76,78),(1501,76,81),(1502,76,85),(1506,76,89),(1510,76,91),(1514,76,92),(1516,76,94),(1526,77,4),(1535,77,21),(1537,77,25),(1528,77,27),(1529,77,42),(1532,77,45),(1522,77,47),(1524,77,48),(1531,77,62),(1540,77,64),(1521,77,69),(1536,77,70),(1523,77,77),(1527,77,80),(1539,77,94),(1530,77,97),(1551,78,2),(1557,78,16),(1560,78,18),(1554,78,30),(1548,78,34),(1552,78,36),(1550,78,39),(1542,78,41),(1547,78,43),(1541,78,44),(1546,78,47),(1555,78,48),(1544,78,55),(1559,78,94),(1549,78,96),(1545,78,97),(1567,79,6),(1576,79,13),(1568,79,14),(1574,79,16),(1569,79,17),(1579,79,23),(1571,79,27),(1565,79,32),(1562,79,33),(1564,79,46),(1563,79,56),(1566,79,57),(1580,79,74),(1561,79,84),(1570,79,86),(1575,79,91),(1577,79,93),(1572,79,94),(1600,80,12),(1592,80,13),(1588,80,27),(1595,80,30),(1582,80,45),(1599,80,52),(1591,80,54),(1583,80,62),(1581,80,63),(1587,80,71),(1596,80,73),(1585,80,75),(1586,80,77),(1590,80,81),(1584,80,89),(1593,80,97),(1614,81,4),(1604,81,9),(1609,81,36),(1616,81,38),(1607,81,39),(1608,81,40),(1619,81,59),(1612,81,65),(1611,81,66),(1613,81,75),(1603,81,77),(1606,81,78),(1610,81,85),(1618,81,92),(1602,81,93),(1605,81,96),(1601,81,98),(1622,82,11),(1639,82,18),(1633,82,32),(1637,82,34),(1625,82,40),(1635,82,44),(1624,82,45),(1627,82,46),(1636,82,48),(1632,82,60),(1626,82,64),(1628,82,70),(1630,82,83),(1638,82,84),(1621,82,85),(1631,82,86),(1623,82,88),(1660,83,14),(1650,83,17),(1647,83,18),(1656,83,23),(1646,83,27),(1657,83,33),(1642,83,40),(1649,83,43),(1653,83,55),(1641,83,62),(1655,83,63),(1643,83,78),(1652,83,80),(1645,83,86),(1644,83,89),(1654,83,94),(1671,84,2),(1666,84,10),(1662,84,18),(1664,84,22),(1667,84,23),(1674,84,25),(1668,84,26),(1670,84,31),(1678,84,32),(1677,84,42),(1661,84,43),(1679,84,57),(1669,84,59),(1665,84,61),(1672,84,62),(1676,84,70),(1680,84,85),(1675,84,92),(1663,84,93),(1691,85,3),(1697,85,6),(1681,85,18),(1685,85,23),(1684,85,24),(1700,85,27),(1695,85,31),(1693,85,36),(1698,85,45),(1690,85,63),(1689,85,74),(1688,85,80),(1682,85,84),(1686,85,89),(1683,85,92),(1715,86,11),(1710,86,24),(1705,86,25),(1711,86,30),(1716,86,31),(1714,86,36),(1702,86,44),(1701,86,48),(1712,86,49),(1717,86,52),(1703,86,58),(1718,86,74),(1704,86,79),(1713,86,81),(1707,86,85),(1719,86,86),(1708,86,89),(1724,87,11),(1728,87,19),(1733,87,25),(1737,87,27),(1729,87,36),(1731,87,44),(1740,87,46),(1726,87,53),(1732,87,59),(1735,87,65),(1730,87,66),(1722,87,70),(1727,87,72),(1736,87,77),(1721,87,81),(1734,87,85),(1725,87,87),(1739,87,90),(1723,87,91),(1746,88,12),(1744,88,13),(1742,88,14),(1748,88,23),(1749,88,25),(1753,88,44),(1745,88,61),(1751,88,63),(1743,88,66),(1757,88,69),(1747,88,71),(1750,88,77),(1752,88,79),(1760,88,81),(1759,88,82),(1758,88,84),(1755,88,86),(1741,88,90),(1754,88,92),(1761,89,9),(1773,89,11),(1767,89,19),(1764,89,23),(1762,89,36),(1777,89,47),(1780,89,49),(1774,89,51),(1765,89,54),(1763,89,56),(1771,89,62),(1779,89,64),(1769,89,76),(1776,89,79),(1768,89,82),(1766,89,87),(1770,89,89),(1800,90,5),(1798,90,6),(1785,90,17),(1782,90,19),(1786,90,25),(1784,90,33),(1787,90,34),(1789,90,37),(1794,90,49),(1781,90,51),(1788,90,53),(1792,90,61),(1797,90,74),(1783,90,78),(1790,90,79),(1799,90,86),(1793,90,94),(1791,90,96),(1796,90,97),(1812,91,3),(1811,91,6),(1813,91,7),(1818,91,12),(1820,91,26),(1817,91,33),(1815,91,40),(1803,91,42),(1810,91,44),(1819,91,47),(1805,91,54),(1808,91,59),(1809,91,63),(1802,91,74),(1801,91,78),(1814,91,81),(1816,91,82),(1806,91,94),(1832,92,5),(1833,92,6),(1839,92,13),(1826,92,14),(1821,92,31),(1840,92,33),(1829,92,38),(1823,92,51),(1822,92,54),(1825,92,63),(1835,92,67),(1828,92,69),(1831,92,88),(1824,92,89),(1827,92,90),(1830,92,95),(1843,93,3),(1846,93,11),(1855,93,14),(1851,93,19),(1854,93,21),(1847,93,23),(1856,93,28),(1841,93,40),(1842,93,41),(1844,93,42),(1850,93,44),(1858,93,49),(1852,93,51),(1857,93,60),(1860,93,63),(1848,93,80),(1845,93,85),(1853,93,88),(1868,94,3),(1866,94,6),(1870,94,15),(1878,94,21),(1873,94,25),(1871,94,33),(1875,94,37),(1862,94,42),(1865,94,43),(1874,94,48),(1876,94,54),(1872,94,61),(1879,94,80),(1861,94,81),(1863,94,85),(1880,94,87),(1877,94,93),(1867,94,94),(1864,94,97),(1895,95,9),(1886,95,19),(1890,95,22),(1893,95,30),(1889,95,40),(1898,95,45),(1899,95,54),(1887,95,56),(1883,95,57),(1894,95,60),(1881,95,64),(1888,95,68),(1896,95,75),(1897,95,76),(1884,95,82),(1891,95,85),(1885,95,88),(1882,95,91),(1903,96,4),(1916,96,6),(1912,96,8),(1905,96,13),(1904,96,15),(1908,96,31),(1914,96,40),(1902,96,51),(1910,96,52),(1909,96,54),(1915,96,55),(1918,96,57),(1901,96,74),(1907,96,77),(1911,96,83),(1906,96,86),(1920,96,91),(1913,96,94),(1921,97,2),(1939,97,4),(1927,97,5),(1925,97,10),(1932,97,14),(1936,97,19),(1934,97,22),(1931,97,23),(1930,97,28),(1923,97,38),(1928,97,42),(1933,97,46),(1940,97,70),(1924,97,76),(1926,97,78),(1929,97,82),(1922,97,94),(1937,97,97),(1950,98,2),(1945,98,3),(1958,98,8),(1954,98,11),(1959,98,12),(1952,98,22),(1949,98,35),(1941,98,37),(1942,98,39),(1948,98,41),(1953,98,60),(1955,98,63),(1946,98,65),(1943,98,76),(1951,98,83),(1960,98,92),(1962,99,14),(1972,99,22),(1973,99,25),(1963,99,26),(1966,99,34),(1978,99,36),(1968,99,37),(1961,99,54),(1975,99,65),(1969,99,66),(1965,99,67),(1979,99,68),(1964,99,71),(1976,99,73),(1967,99,91),(1980,99,92),(1974,99,94),(1984,100,11),(1998,100,12),(1989,100,13),(1992,100,14),(1996,100,16),(1999,100,34),(1985,100,42),(1981,100,43),(1997,100,46),(1988,100,49),(1993,100,55),(1991,100,56),(1994,100,58),(1982,100,59),(1995,100,67),(2000,100,74),(1986,100,85),(1983,100,91);
/*!40000 ALTER TABLE `accountcrmuser` ENABLE KEYS */;
UNLOCK TABLES;

--
-- Table structure for table `activity`
--

DROP TABLE IF EXISTS `activity`;
/*!40101 SET @saved_cs_client     = @@character_set_client */;
/*!40101 SET character_set_client = utf8 */;
CREATE TABLE `activity` (
  `id` mediumint(9) NOT NULL AUTO_INCREMENT,
  `crmuserId` mediumint(9) NOT NULL,
  `endtime` bigint(20) DEFAULT NULL,
  `starttime` bigint(20) NOT NULL DEFAULT '0',
  `title` varchar(128) DEFAULT NULL,
  `activity_type` mediumint(9) DEFAULT NULL,
  PRIMARY KEY (`id`) USING BTREE
) ENGINE=InnoDB AUTO_INCREMENT=1082 DEFAULT CHARSET=utf8;
/*!40101 SET character_set_client = @saved_cs_client */;

--
-- Dumping data for table `activity`
--

LOCK TABLES `activity` WRITE;
/*!40000 ALTER TABLE `activity` DISABLE KEYS */;
INSERT INTO `activity` VALUES (1,1,1366536975993,1366529775993,'拜访',1),(2,1,1365932176012,1365924976012,'拜访',1),(3,1,1366191376014,1366184176014,'拜访',1),(4,1,1366450576015,1366443376015,'拜访',1),(5,1,1366364176017,1366356976017,'拜访',1),(6,1,1365845776019,1365838576019,'拜访',1),(7,1,1366104976053,1366097776053,'拜访',1),(8,1,1366018576055,1366011376055,'拜访',1),(9,1,1366191376056,1366184176056,'拜访',1),(10,1,1366018576057,1366011376057,'拜访',1),(11,2,1366191376059,1366184176059,'拜访',1),(12,2,1365932176061,1365924976061,'拜访',1),(13,2,1366018576063,1366011376063,'拜访',1),(14,2,1365932176078,1365924976078,'拜访',1),(15,2,1366018576083,1366011376083,'拜访',1),(16,2,1366191376086,1366184176086,'拜访',1),(17,2,1366018576092,1366011376092,'拜访',1),(18,2,1365845776094,1365838576094,'拜访',1),(19,2,1366018576095,1366011376095,'拜访',1),(20,2,1366018576097,1366011376097,'拜访',1),(21,3,1366450576098,1366443376098,'拜访',1),(22,3,1366623376100,1366616176100,'拜访',1),(23,3,1366018576101,1366011376101,'拜访',1),(24,3,1366018576102,1366011376102,'拜访',1),(25,3,1366104976104,1366097776104,'拜访',1),(26,3,1366364176105,1366356976105,'拜访',1),(27,3,1366277776107,1366270576107,'拜访',1),(28,3,1366018576108,1366011376108,'拜访',1),(29,3,1366623376109,1366616176109,'拜访',1),(30,3,1366191376110,1366184176110,'拜访',1),(31,4,1366536976112,1366529776112,'拜访',1),(32,4,1365845776113,1365838576113,'拜访',1),(33,4,1366191376114,1366184176114,'拜访',1),(34,4,1365845776116,1365838576116,'拜访',1),(35,4,1366364176117,1366356976117,'拜访',1),(36,4,1366450576118,1366443376118,'拜访',1),(37,4,1365845776119,1365838576119,'拜访',1),(38,4,1365932176121,1365924976121,'拜访',1),(39,4,1366536976123,1366529776123,'拜访',1),(40,4,1366191376124,1366184176124,'拜访',1),(41,5,1366191376126,1366184176126,'拜访',1),(42,5,1366191376128,1366184176128,'拜访',1),(43,5,1366018576130,1366011376130,'拜访',1),(44,5,1365932176131,1365924976131,'拜访',1),(45,5,1366536976133,1366529776133,'拜访',1),(46,5,1366623376134,1366616176134,'拜访',1),(47,5,1366018576136,1366011376136,'拜访',1),(48,5,1365932176138,1365924976138,'拜访',1),(49,5,1365932176139,1365924976139,'拜访',1),(50,5,1366018576140,1366011376140,'拜访',1),(51,6,1366104976142,1366097776142,'拜访',2),(52,6,1366536976143,1366529776143,'拜访',2),(53,6,1366277776145,1366270576145,'拜访',2),(54,6,1366018576146,1366011376146,'拜访',2),(55,6,1365932176147,1365924976147,'拜访',2),(56,6,1366623376149,1366616176149,'拜访',2),(57,6,1365845776150,1365838576150,'拜访',2),(58,6,1366623376152,1366616176152,'拜访',2),(59,6,1366623376154,1366616176154,'拜访',2),(60,6,1366450576155,1366443376155,'拜访',2),(61,7,1366104976157,1366097776157,'拜访',2),(62,7,1366191376158,1366184176158,'拜访',2),(63,7,1366018576160,1366011376160,'拜访',2),(64,7,1366277776162,1366270576162,'拜访',2),(65,7,1366191376163,1366184176163,'拜访',2),(66,7,1366536976165,1366529776165,'拜访',2),(67,7,1366364176166,1366356976166,'拜访',2),(68,7,1366018576168,1366011376168,'拜访',2),(69,7,1366536976169,1366529776169,'拜访',2),(70,7,1366364176171,1366356976171,'拜访',2),(71,8,1366450576172,1366443376172,'拜访',2),(72,8,1366623376174,1366616176174,'拜访',2),(73,8,1366536976176,1366529776176,'拜访',2),(74,8,1366623376177,1366616176177,'拜访',2),(75,8,1365845776179,1365838576179,'拜访',2),(76,8,1366277776180,1366270576180,'拜访',2),(77,8,1366536976182,1366529776182,'拜访',2),(78,8,1366364176184,1366356976184,'拜访',2),(79,8,1366191376185,1366184176185,'拜访',2),(80,8,1365845776187,1365838576187,'拜访',2),(81,9,1366364176188,1366356976188,'拜访',1),(82,9,1366450576190,1366443376190,'拜访',1),(83,9,1366450576191,1366443376191,'拜访',1),(84,9,1366104976192,1366097776192,'拜访',1),(85,9,1366104976194,1366097776194,'拜访',1),(86,9,1366536976195,1366529776195,'拜访',1),(87,9,1366277776197,1366270576197,'拜访',1),(88,9,1365845776198,1365838576198,'拜访',1),(89,9,1366277776200,1366270576200,'拜访',1),(90,9,1365845776201,1365838576201,'拜访',1),(91,10,1365845776202,1365838576202,'拜访',1),(92,10,1366623376204,1366616176204,'拜访',1),(93,10,1365845776205,1365838576205,'拜访',1),(94,10,1366623376206,1366616176206,'拜访',1),(95,10,1366018576208,1366011376208,'拜访',1),(96,10,1366191376209,1366184176209,'拜访',1),(97,10,1366364176211,1366356976211,'拜访',1),(98,10,1366277776212,1366270576212,'拜访',1),(99,10,1365932176213,1365924976213,'拜访',1),(100,10,1366104976216,1366097776216,'拜访',1),(101,11,1365845776217,1365838576217,'拜访',1),(102,11,1366191376218,1366184176218,'拜访',1),(103,11,1366277776220,1366270576220,'拜访',1),(104,11,1366104976221,1366097776221,'拜访',1),(105,11,1366191376223,1366184176223,'拜访',1),(106,11,1366450576224,1366443376224,'拜访',1),(107,11,1366536976226,1366529776226,'拜访',1),(108,11,1366277776227,1366270576227,'拜访',1),(109,11,1365845776228,1365838576228,'拜访',1),(110,11,1366536976230,1366529776230,'拜访',1),(111,12,1365845776231,1365838576231,'拜访',1),(112,12,1366191376233,1366184176233,'拜访',1),(113,12,1365932176234,1365924976234,'拜访',1),(114,12,1366450576236,1366443376236,'拜访',1),(115,12,1366277776237,1366270576237,'拜访',1),(116,12,1366364176238,1366356976238,'拜访',1),(117,12,1365932176240,1365924976240,'拜访',1),(118,12,1366104976241,1366097776241,'拜访',1),(119,12,1365845776243,1365838576243,'拜访',1),(120,12,1365845776244,1365838576244,'拜访',1),(121,13,1366104976245,1366097776245,'拜访',1),(122,13,1366018576247,1366011376247,'拜访',1),(123,13,1365845776249,1365838576249,'拜访',1),(124,13,1366277776250,1366270576250,'拜访',1),(125,13,1366191376252,1366184176252,'拜访',1),(126,13,1365845776254,1365838576254,'拜访',1),(127,13,1366191376256,1366184176256,'拜访',1),(128,13,1366364176257,1366356976257,'拜访',1),(129,13,1366104976258,1366097776258,'拜访',1),(130,13,1365932176260,1365924976260,'拜访',1),(131,14,1366191376261,1366184176261,'拜访',1),(132,14,1366536976263,1366529776263,'拜访',1),(133,14,1366191376264,1366184176264,'拜访',1),(134,14,1366191376265,1366184176265,'拜访',1),(135,14,1365932176268,1365924976268,'拜访',1),(136,14,1366450576269,1366443376269,'拜访',1),(137,14,1366191376270,1366184176270,'拜访',1),(138,14,1366364176272,1366356976272,'拜访',1),(139,14,1366536976273,1366529776273,'拜访',1),(140,14,1366191376275,1366184176275,'拜访',1),(141,15,1366364176276,1366356976276,'拜访',1),(142,15,1366191376277,1366184176277,'拜访',1),(143,15,1366104976278,1366097776278,'拜访',1),(144,15,1366018576280,1366011376280,'拜访',1),(145,15,1366450576281,1366443376281,'拜访',1),(146,15,1366277776283,1366270576283,'拜访',1),(147,15,1365845776284,1365838576284,'拜访',1),(148,15,1365845776285,1365838576285,'拜访',1),(149,15,1365845776286,1365838576286,'拜访',1),(150,15,1366450576288,1366443376288,'拜访',1),(151,16,1366018576289,1366011376289,'拜访',1),(152,16,1365845776291,1365838576291,'拜访',1),(153,16,1366104976292,1366097776292,'拜访',1),(154,16,1365932176294,1365924976294,'拜访',1),(155,16,1366104976295,1366097776295,'拜访',1),(156,16,1366623376296,1366616176296,'拜访',1),(157,16,1366536976298,1366529776298,'拜访',1),(158,16,1366191376299,1366184176299,'拜访',1),(159,16,1365932176300,1365924976300,'拜访',1),(160,16,1365845776301,1365838576301,'拜访',1),(161,17,1365845776303,1365838576303,'拜访',1),(162,17,1366191376304,1366184176304,'拜访',1),(163,17,1365932176306,1365924976306,'拜访',1),(164,17,1366277776307,1366270576307,'拜访',1),(165,17,1366536976308,1366529776308,'拜访',1),(166,17,1366536976310,1366529776310,'拜访',1),(167,17,1366364176311,1366356976311,'拜访',1),(168,17,1365845776312,1365838576312,'拜访',1),(169,17,1365932176313,1365924976313,'拜访',1),(170,17,1366536976314,1366529776314,'拜访',1),(171,18,1366623376317,1366616176317,'拜访',1),(172,18,1365845776318,1365838576318,'拜访',1),(173,18,1366623376319,1366616176319,'拜访',1),(174,18,1366364176320,1366356976320,'拜访',1),(175,18,1366104976323,1366097776323,'拜访',1),(176,18,1365932176324,1365924976324,'拜访',1),(177,18,1366364176326,1366356976326,'拜访',1),(178,18,1366277776327,1366270576327,'拜访',1),(179,18,1366018576328,1366011376328,'拜访',1),(180,18,1365932176340,1365924976340,'拜访',1),(181,19,1366191376342,1366184176342,'拜访',1),(182,19,1366104976343,1366097776343,'拜访',1),(183,19,1365845776344,1365838576344,'拜访',1),(184,19,1365845776346,1365838576346,'拜访',1),(185,19,1366536976347,1366529776347,'拜访',1),(186,19,1366277776349,1366270576349,'拜访',1),(187,19,1366104976351,1366097776351,'拜访',1),(188,19,1365932176353,1365924976353,'拜访',1),(189,19,1366018576354,1366011376354,'拜访',1),(190,19,1366623376355,1366616176355,'拜访',1),(201,21,1366623376372,1366616176372,'拜访',1),(202,21,1366277776374,1366270576374,'拜访',1),(203,21,1366536976375,1366529776375,'拜访',1),(204,21,1366104976377,1366097776377,'拜访',1),(205,21,1366536976378,1366529776378,'拜访',1),(206,21,1366623376380,1366616176380,'拜访',1),(207,21,1366018576382,1366011376382,'拜访',1),(208,21,1366364176383,1366356976383,'拜访',1),(209,21,1365845776384,1365838576384,'拜访',1),(210,21,1366364176386,1366356976386,'拜访',1),(211,22,1366364176387,1366356976387,'拜访',1),(212,22,1366450576390,1366443376390,'拜访',1),(213,22,1365845776391,1365838576391,'拜访',1),(214,22,1366536976392,1366529776392,'拜访',1),(215,22,1366277776394,1366270576394,'拜访',1),(216,22,1366450576395,1366443376395,'拜访',1),(217,22,1366018576397,1366011376397,'拜访',1),(218,22,1366104976398,1366097776398,'拜访',1),(219,22,1366450576400,1366443376400,'拜访',1),(220,22,1366623376401,1366616176401,'拜访',1),(221,23,1366277776403,1366270576403,'拜访',1),(222,23,1366536976404,1366529776404,'拜访',1),(223,23,1366536976406,1366529776406,'拜访',1),(224,23,1366364176407,1366356976407,'拜访',1),(225,23,1366104976408,1366097776408,'拜访',1),(226,23,1366018576410,1366011376410,'拜访',1),(227,23,1366536976411,1366529776411,'拜访',1),(228,23,1366450576413,1366443376413,'拜访',1),(229,23,1366536976414,1366529776414,'拜访',1),(230,23,1366450576416,1366443376416,'拜访',1),(231,24,1366623376417,1366616176417,'拜访',1),(232,24,1366018576419,1366011376419,'拜访',1),(233,24,1366104976420,1366097776420,'拜访',1),(234,24,1366623376422,1366616176422,'拜访',1),(235,24,1366277776423,1366270576423,'拜访',1),(236,24,1366277776424,1366270576424,'拜访',1),(237,24,1366450576426,1366443376426,'拜访',1),(238,24,1366536976427,1366529776427,'拜访',1),(239,24,1366191376429,1366184176429,'拜访',1),(240,24,1366450576430,1366443376430,'拜访',1),(241,25,1366364176431,1366356976431,'拜访',1),(242,25,1366364176433,1366356976433,'拜访',1),(243,25,1365845776434,1365838576434,'拜访',1),(244,25,1365845776436,1365838576436,'拜访',1),(245,25,1366277776437,1366270576437,'拜访',1),(246,25,1366277776439,1366270576439,'拜访',1),(247,25,1366536976441,1366529776441,'拜访',1),(248,25,1366277776442,1366270576442,'拜访',1),(249,25,1365845776444,1365838576444,'拜访',1),(250,25,1366450576445,1366443376445,'拜访',1),(251,26,1365932176446,1365924976446,'拜访',1),(252,26,1366277776448,1366270576448,'拜访',1),(253,26,1366191376449,1366184176449,'拜访',1),(254,26,1366277776451,1366270576451,'拜访',1),(255,26,1365932176452,1365924976452,'拜访',1),(256,26,1366277776453,1366270576453,'拜访',1),(257,26,1366018576455,1366011376455,'拜访',1),(258,26,1366104976456,1366097776456,'拜访',1),(259,26,1366536976458,1366529776458,'拜访',1),(260,26,1366623376459,1366616176459,'拜访',1),(261,27,1366364176461,1366356976461,'拜访',1),(262,27,1366364176462,1366356976462,'拜访',1),(263,27,1366277776464,1366270576464,'拜访',1),(264,27,1366277776465,1366270576465,'拜访',1),(265,27,1366450576466,1366443376466,'拜访',1),(266,27,1366623376468,1366616176468,'拜访',1),(267,27,1366104976469,1366097776469,'拜访',1),(268,27,1365845776471,1365838576471,'拜访',1),(269,27,1366623376472,1366616176472,'拜访',1),(270,27,1366364176473,1366356976473,'拜访',1),(271,28,1366104976475,1366097776475,'拜访',1),(272,28,1366018576477,1366011376477,'拜访',1),(273,28,1365845776478,1365838576478,'拜访',1),(274,28,1365845776480,1365838576480,'拜访',1),(275,28,1366018576481,1366011376481,'拜访',1),(276,28,1366450576483,1366443376483,'拜访',1),(277,28,1366104976484,1366097776484,'拜访',1),(278,28,1366536976486,1366529776486,'拜访',1),(279,28,1366623376487,1366616176487,'拜访',1),(280,28,1366450576489,1366443376489,'拜访',1),(281,29,1366018576490,1366011376490,'拜访',1),(282,29,1365845776492,1365838576492,'拜访',1),(283,29,1365845776493,1365838576493,'拜访',1),(284,29,1366191376495,1366184176495,'拜访',1),(285,29,1366018576496,1366011376496,'拜访',1),(286,29,1366191376497,1366184176497,'拜访',1),(287,29,1365932176499,1365924976499,'拜访',1),(288,29,1366018576500,1366011376500,'拜访',1),(289,29,1366536976502,1366529776502,'拜访',1),(290,29,1366277776503,1366270576503,'拜访',1),(291,30,1366191376504,1366184176504,'拜访',1),(292,30,1365845776506,1365838576506,'拜访',1),(293,30,1366364176507,1366356976507,'拜访',1),(294,30,1366018576508,1366011376508,'拜访',1),(295,30,1366277776510,1366270576510,'拜访',1),(296,30,1366018576511,1366011376511,'拜访',1),(297,30,1366277776513,1366270576513,'拜访',1),(298,30,1366450576514,1366443376514,'拜访',1),(299,30,1366018576516,1366011376516,'拜访',1),(300,30,1366623376518,1366616176518,'拜访',1),(301,31,1366536976519,1366529776519,'拜访',1),(302,31,1366364176520,1366356976520,'拜访',1),(303,31,1366104976522,1366097776522,'拜访',1),(304,31,1366450576523,1366443376523,'拜访',1),(305,31,1365845776525,1365838576525,'拜访',1),(306,31,1366277776526,1366270576526,'拜访',1),(307,31,1366450576528,1366443376528,'拜访',1),(308,31,1366450576529,1366443376529,'拜访',1),(309,31,1366191376531,1366184176531,'拜访',1),(310,31,1366623376532,1366616176532,'拜访',1),(311,32,1365845776534,1365838576534,'拜访',1),(312,32,1365932176535,1365924976535,'拜访',1),(313,32,1366364176536,1366356976536,'拜访',1),(314,32,1366104976538,1366097776538,'拜访',1),(315,32,1366104976567,1366097776567,'拜访',1),(316,32,1366018576569,1366011376569,'拜访',1),(317,32,1366191376571,1366184176571,'拜访',1),(318,32,1366018576572,1366011376572,'拜访',1),(319,32,1366364176574,1366356976574,'拜访',1),(320,32,1366191376575,1366184176575,'拜访',1),(321,33,1366277776577,1366270576577,'拜访',1),(322,33,1366536976578,1366529776578,'拜访',1),(323,33,1366104976580,1366097776580,'拜访',1),(324,33,1366104976582,1366097776582,'拜访',1),(325,33,1366364176583,1366356976583,'拜访',1),(326,33,1366536976585,1366529776585,'拜访',1),(327,33,1366536976587,1366529776587,'拜访',1),(328,33,1366104976588,1366097776588,'拜访',1),(329,33,1366191376590,1366184176590,'拜访',1),(330,33,1366364176592,1366356976592,'拜访',1),(331,34,1366277776594,1366270576594,'拜访',1),(332,34,1366191376595,1366184176595,'拜访',1),(333,34,1366450576597,1366443376597,'拜访',1),(334,34,1365845776598,1365838576598,'拜访',1),(335,34,1366450576599,1366443376599,'拜访',1),(336,34,1366018576601,1366011376601,'拜访',1),(337,34,1366277776602,1366270576602,'拜访',1),(338,34,1366536976604,1366529776604,'拜访',1),(339,34,1366018576606,1366011376606,'拜访',1),(340,34,1366277776607,1366270576607,'拜访',1),(341,35,1366450576609,1366443376609,'拜访',1),(342,35,1365932176610,1365924976610,'拜访',1),(343,35,1366018576612,1366011376612,'拜访',1),(344,35,1366450576613,1366443376613,'拜访',1),(345,35,1365932176615,1365924976615,'拜访',1),(346,35,1366104976616,1366097776616,'拜访',1),(347,35,1366191376617,1366184176617,'拜访',1),(348,35,1365845776619,1365838576619,'拜访',1),(349,35,1366277776620,1366270576620,'拜访',1),(350,35,1365932176622,1365924976622,'拜访',1),(351,36,1366191376623,1366184176623,'拜访',1),(352,36,1366018576624,1366011376624,'拜访',1),(353,36,1365932176626,1365924976626,'拜访',1),(354,36,1366018576628,1366011376628,'拜访',1),(355,36,1366536976630,1366529776630,'拜访',1),(356,36,1366018576631,1366011376631,'拜访',1),(357,36,1366018576633,1366011376633,'拜访',1),(358,36,1365845776634,1365838576634,'拜访',1),(359,36,1366191376635,1366184176635,'拜访',1),(360,36,1365932176637,1365924976637,'拜访',1),(361,37,1366277776638,1366270576638,'拜访',1),(362,37,1366104976640,1366097776640,'拜访',1),(363,37,1366536976641,1366529776641,'拜访',1),(364,37,1366104976643,1366097776643,'拜访',1),(365,37,1366623376644,1366616176644,'拜访',1),(366,37,1365845776645,1365838576645,'拜访',1),(367,37,1366623376647,1366616176647,'拜访',1),(368,37,1365845776648,1365838576648,'拜访',1),(369,37,1366191376650,1366184176650,'拜访',1),(370,37,1366277776652,1366270576652,'拜访',1),(371,38,1366104976653,1366097776653,'拜访',1),(372,38,1366277776654,1366270576654,'拜访',1),(373,38,1366277776656,1366270576656,'拜访',1),(374,38,1366450576658,1366443376658,'拜访',1),(375,38,1366623376659,1366616176659,'拜访',1),(376,38,1366364176661,1366356976661,'拜访',1),(377,38,1366450576662,1366443376662,'拜访',1),(378,38,1366104976664,1366097776664,'拜访',1),(379,38,1366623376665,1366616176665,'拜访',1),(380,38,1366536976666,1366529776666,'拜访',1),(381,39,1366191376667,1366184176667,'拜访',1),(382,39,1366450576668,1366443376668,'拜访',1),(383,39,1366277776670,1366270576670,'拜访',1),(384,39,1366277776671,1366270576671,'拜访',1),(385,39,1366364176672,1366356976672,'拜访',1),(386,39,1366536976675,1366529776675,'拜访',1),(387,39,1366623376677,1366616176677,'拜访',1),(388,39,1366191376678,1366184176678,'拜访',1),(389,39,1366364176679,1366356976679,'拜访',1),(390,39,1366191376680,1366184176680,'拜访',1),(391,40,1365932176682,1365924976682,'拜访',1),(392,40,1366104976684,1366097776684,'拜访',1),(393,40,1366191376685,1366184176685,'拜访',1),(394,40,1366191376687,1366184176687,'拜访',1),(395,40,1366018576688,1366011376688,'拜访',1),(396,40,1366104976690,1366097776690,'拜访',1),(397,40,1366191376691,1366184176691,'拜访',1),(398,40,1366536976693,1366529776693,'拜访',1),(399,40,1366536976694,1366529776694,'拜访',1),(400,40,1366364176695,1366356976695,'拜访',1),(401,41,1366191376697,1366184176697,'拜访',1),(402,41,1366364176698,1366356976698,'拜访',1),(403,41,1366277776700,1366270576700,'拜访',1),(404,41,1366536976701,1366529776701,'拜访',1),(405,41,1366104976703,1366097776703,'拜访',1),(406,41,1366364176704,1366356976704,'拜访',1),(407,41,1366018576706,1366011376706,'拜访',1),(408,41,1366104976708,1366097776708,'拜访',1),(409,41,1366104976709,1366097776709,'拜访',1),(410,41,1366536976711,1366529776711,'拜访',1),(411,42,1365845776712,1365838576712,'拜访',1),(412,42,1366364176714,1366356976714,'拜访',1),(413,42,1366104976715,1366097776715,'拜访',1),(414,42,1366364176716,1366356976716,'拜访',1),(415,42,1366536976718,1366529776718,'拜访',1),(416,42,1366450576719,1366443376719,'拜访',1),(417,42,1366191376721,1366184176721,'拜访',1),(418,42,1366277776722,1366270576722,'拜访',1),(419,42,1366450576723,1366443376723,'拜访',1),(420,42,1366018576725,1366011376725,'拜访',1),(421,43,1366277776726,1366270576726,'拜访',1),(422,43,1366104976728,1366097776728,'拜访',1),(423,43,1365845776729,1365838576729,'拜访',1),(424,43,1366623376730,1366616176730,'拜访',1),(425,43,1366277776731,1366270576731,'拜访',1),(426,43,1366536976733,1366529776733,'拜访',1),(427,43,1366536976734,1366529776734,'拜访',1),(428,43,1366104976735,1366097776735,'拜访',1),(429,43,1365845776737,1365838576737,'拜访',1),(430,43,1366277776738,1366270576738,'拜访',1),(431,44,1366450576740,1366443376740,'拜访',1),(432,44,1366623376741,1366616176741,'拜访',1),(433,44,1366623376743,1366616176743,'拜访',1),(434,44,1365845776744,1365838576744,'拜访',1),(435,44,1365932176745,1365924976745,'拜访',1),(436,44,1365932176747,1365924976747,'拜访',1),(437,44,1365845776748,1365838576748,'拜访',1),(438,44,1366364176750,1366356976750,'拜访',1),(439,44,1366450576751,1366443376751,'拜访',1),(440,44,1365932176752,1365924976752,'拜访',1),(441,45,1366191376754,1366184176754,'拜访',1),(442,45,1365932176755,1365924976755,'拜访',1),(443,45,1366104976757,1366097776757,'拜访',1),(444,45,1366623376758,1366616176758,'拜访',1),(445,45,1366191376759,1366184176759,'拜访',1),(446,45,1365845776761,1365838576761,'拜访',1),(447,45,1366623376763,1366616176763,'拜访',1),(448,45,1365845776764,1365838576764,'拜访',1),(449,45,1366018576765,1366011376765,'拜访',1),(450,45,1366018576767,1366011376767,'拜访',1),(451,46,1365845776768,1365838576768,'拜访',1),(452,46,1366018576770,1366011376770,'拜访',1),(453,46,1366536976771,1366529776771,'拜访',1),(454,46,1366364176773,1366356976773,'拜访',1),(455,46,1366364176774,1366356976774,'拜访',1),(456,46,1366623376776,1366616176776,'拜访',1),(457,46,1366018576777,1366011376777,'拜访',1),(458,46,1366536976778,1366529776778,'拜访',1),(459,46,1365845776780,1365838576780,'拜访',1),(460,46,1366018576781,1366011376781,'拜访',1),(461,47,1366191376783,1366184176783,'拜访',1),(462,47,1366450576784,1366443376784,'拜访',1),(463,47,1366623376786,1366616176786,'拜访',1),(464,47,1366364176787,1366356976787,'拜访',1),(465,47,1366018576789,1366011376789,'拜访',1),(466,47,1366450576790,1366443376790,'拜访',1),(467,47,1366277776791,1366270576791,'拜访',1),(468,47,1365932176793,1365924976793,'拜访',1),(469,47,1366191376794,1366184176794,'拜访',1),(470,47,1366364176795,1366356976795,'拜访',1),(471,48,1366364176797,1366356976797,'拜访',1),(472,48,1366191376798,1366184176798,'拜访',1),(473,48,1365932176800,1365924976800,'拜访',1),(474,48,1366623376801,1366616176801,'拜访',1),(475,48,1366018576803,1366011376803,'拜访',1),(476,48,1366364176804,1366356976804,'拜访',1),(477,48,1366536976806,1366529776806,'拜访',1),(478,48,1366536976807,1366529776807,'拜访',1),(479,48,1366104976809,1366097776809,'拜访',1),(480,48,1366364176810,1366356976810,'拜访',1),(481,49,1366018576812,1366011376812,'拜访',1),(482,49,1366277776813,1366270576813,'拜访',1),(483,49,1365932176815,1365924976815,'拜访',1),(484,49,1365932176816,1365924976816,'拜访',1),(485,49,1366364176817,1366356976817,'拜访',1),(486,49,1366364176819,1366356976819,'拜访',1),(487,49,1366450576820,1366443376820,'拜访',1),(488,49,1365845776821,1365838576821,'拜访',1),(489,49,1366191376823,1366184176823,'拜访',1),(490,49,1366277776824,1366270576824,'拜访',1),(491,50,1366623376825,1366616176825,'拜访',1),(492,50,1366450576826,1366443376826,'拜访',1),(493,50,1366277776827,1366270576827,'拜访',1),(494,50,1366364176828,1366356976828,'拜访',1),(495,50,1366191376829,1366184176829,'拜访',1),(496,50,1366536976831,1366529776831,'拜访',1),(497,50,1366364176833,1366356976833,'拜访',1),(498,50,1366450576834,1366443376834,'拜访',1),(499,50,1366450576836,1366443376836,'拜访',1),(500,50,1366450576837,1366443376837,'拜访',1),(501,51,1366450576839,1366443376839,'拜访',1),(502,51,1366018576840,1366011376840,'拜访',1),(503,51,1365932176841,1365924976841,'拜访',1),(504,51,1366450576843,1366443376843,'拜访',1),(505,51,1366104976844,1366097776844,'拜访',1),(506,51,1366536976846,1366529776846,'拜访',1),(507,51,1366018576847,1366011376847,'拜访',1),(508,51,1365845776849,1365838576849,'拜访',1),(509,51,1366277776850,1366270576850,'拜访',1),(510,51,1366104976851,1366097776851,'拜访',1),(511,52,1366104976853,1366097776853,'拜访',1),(512,52,1366191376854,1366184176854,'拜访',1),(513,52,1366450576856,1366443376856,'拜访',1),(514,52,1366536976858,1366529776858,'拜访',1),(515,52,1366623376859,1366616176859,'拜访',1),(516,52,1366364176860,1366356976860,'拜访',1),(517,52,1366277776862,1366270576862,'拜访',1),(518,52,1365845776864,1365838576864,'拜访',1),(519,52,1366536976865,1366529776865,'拜访',1),(520,52,1365932176866,1365924976866,'拜访',1),(521,53,1365932176868,1365924976868,'拜访',1),(522,53,1366623376869,1366616176869,'拜访',1),(523,53,1365932176870,1365924976870,'拜访',1),(524,53,1366018576872,1366011376872,'拜访',1),(525,53,1366277776873,1366270576873,'拜访',1),(526,53,1366018576875,1366011376875,'拜访',1),(527,53,1366450576876,1366443376876,'拜访',1),(528,53,1366191376878,1366184176878,'拜访',1),(529,53,1366018576879,1366011376879,'拜访',1),(530,53,1366018576880,1366011376880,'拜访',1),(531,54,1365845776882,1365838576882,'拜访',1),(532,54,1366450576883,1366443376883,'拜访',1),(533,54,1366364176885,1366356976885,'拜访',1),(534,54,1366450576886,1366443376886,'拜访',1),(535,54,1366104976887,1366097776887,'拜访',1),(536,54,1366450576889,1366443376889,'拜访',1),(537,54,1366277776890,1366270576890,'拜访',1),(538,54,1366277776892,1366270576892,'拜访',1),(539,54,1366018576893,1366011376893,'拜访',1),(540,54,1366450576895,1366443376895,'拜访',1),(541,55,1366364176896,1366356976896,'拜访',1),(542,55,1365845776898,1365838576898,'拜访',1),(543,55,1366104976899,1366097776899,'拜访',1),(544,55,1366104976900,1366097776900,'拜访',1),(545,55,1366623376902,1366616176902,'拜访',1),(546,55,1365932176903,1365924976903,'拜访',1),(547,55,1366191376905,1366184176905,'拜访',1),(548,55,1366623376906,1366616176906,'拜访',1),(549,55,1366104976908,1366097776908,'拜访',1),(550,55,1365845776909,1365838576909,'拜访',1),(551,56,1365932176911,1365924976911,'拜访',1),(552,56,1366104976912,1366097776912,'拜访',1),(553,56,1366364176914,1366356976914,'拜访',1),(554,56,1366018576915,1366011376915,'拜访',1),(555,56,1366277776917,1366270576917,'拜访',1),(556,56,1366536976918,1366529776918,'拜访',1),(557,56,1366018576919,1366011376919,'拜访',1),(558,56,1365845776920,1365838576920,'拜访',1),(559,56,1366018576922,1366011376922,'拜访',1),(560,56,1365932176924,1365924976924,'拜访',1),(561,57,1365932176925,1365924976925,'拜访',1),(562,57,1365932176926,1365924976926,'拜访',1),(563,57,1366623376927,1366616176927,'拜访',1),(564,57,1366104976928,1366097776928,'拜访',1),(565,57,1366277776930,1366270576930,'拜访',1),(566,57,1365845776931,1365838576931,'拜访',1),(567,57,1366623376932,1366616176932,'拜访',1),(568,57,1366191376933,1366184176933,'拜访',1),(569,57,1365932176934,1365924976934,'拜访',1),(570,57,1366277776936,1366270576936,'拜访',1),(571,58,1365845776937,1365838576937,'拜访',1),(572,58,1366623376939,1366616176939,'拜访',1),(573,58,1366018576940,1366011376940,'拜访',1),(574,58,1366191376942,1366184176942,'拜访',1),(575,58,1366623376943,1366616176943,'拜访',1),(576,58,1366623376945,1366616176945,'拜访',1),(577,58,1366536976946,1366529776946,'拜访',1),(578,58,1366277776947,1366270576947,'拜访',1),(579,58,1366104976949,1366097776949,'拜访',1),(580,58,1366191376950,1366184176950,'拜访',1),(581,59,1366104976951,1366097776951,'拜访',1),(582,59,1366191376953,1366184176953,'拜访',1),(583,59,1366536976954,1366529776954,'拜访',1),(584,59,1366623376956,1366616176956,'拜访',1),(585,59,1366536976957,1366529776957,'拜访',1),(586,59,1365932176958,1365924976958,'拜访',1),(587,59,1366277776961,1366270576961,'拜访',1),(588,59,1366104976962,1366097776962,'拜访',1),(589,59,1366623376964,1366616176964,'拜访',1),(590,59,1366450576965,1366443376965,'拜访',1),(591,60,1366364176967,1366356976967,'拜访',1),(592,60,1365845776968,1365838576968,'拜访',1),(593,60,1366018576970,1366011376970,'拜访',1),(594,60,1366364176971,1366356976971,'拜访',1),(595,60,1366364176973,1366356976973,'拜访',1),(596,60,1366191376974,1366184176974,'拜访',1),(597,60,1366364176975,1366356976975,'拜访',1),(598,60,1366018576977,1366011376977,'拜访',1),(599,60,1366104976978,1366097776978,'拜访',1),(600,60,1366623376979,1366616176979,'拜访',1),(601,61,1366018576981,1366011376981,'拜访',1),(602,61,1365845776982,1365838576982,'拜访',1),(603,61,1366536976983,1366529776983,'拜访',1),(604,61,1366191376985,1366184176985,'拜访',1),(605,61,1366450576986,1366443376986,'拜访',1),(606,61,1366191376988,1366184176988,'拜访',1),(607,61,1366277776989,1366270576989,'拜访',1),(608,61,1366277776990,1366270576990,'拜访',1),(609,61,1366018576992,1366011376992,'拜访',1),(610,61,1365845776993,1365838576993,'拜访',1),(611,62,1366277776995,1366270576995,'拜访',1),(612,62,1366104976996,1366097776996,'拜访',1),(613,62,1365932176997,1365924976997,'拜访',1),(614,62,1366623376999,1366616176999,'拜访',1),(615,62,1365845777000,1365838577000,'拜访',1),(616,62,1366450577002,1366443377002,'拜访',1),(617,62,1365845777003,1365838577003,'拜访',1),(618,62,1366104977005,1366097777005,'拜访',1),(619,62,1366277777006,1366270577006,'拜访',1),(620,62,1366450577009,1366443377009,'拜访',1),(621,63,1366018577010,1366011377010,'拜访',1),(622,63,1366018577012,1366011377012,'拜访',1),(623,63,1366277777013,1366270577013,'拜访',1),(624,63,1365932177015,1365924977015,'拜访',1),(625,63,1366104977016,1366097777016,'拜访',1),(626,63,1365932177018,1365924977018,'拜访',1),(627,63,1366018577019,1366011377019,'拜访',1),(628,63,1366623377021,1366616177021,'拜访',1),(629,63,1366450577022,1366443377022,'拜访',1),(630,63,1366623377024,1366616177024,'拜访',1),(631,64,1366277777025,1366270577025,'拜访',1),(632,64,1366191377027,1366184177027,'拜访',1),(633,64,1366623377028,1366616177028,'拜访',1),(634,64,1366536977030,1366529777030,'拜访',1),(635,64,1365845777031,1365838577031,'拜访',1),(636,64,1365845777032,1365838577032,'拜访',1),(637,64,1366277777034,1366270577034,'拜访',1),(638,64,1366623377035,1366616177035,'拜访',1),(639,64,1366018577037,1366011377037,'拜访',1),(640,64,1366364177038,1366356977038,'拜访',1),(641,65,1365845777039,1365838577039,'拜访',1),(642,65,1366536977041,1366529777041,'拜访',1),(643,65,1366623377042,1366616177042,'拜访',1),(644,65,1366450577043,1366443377043,'拜访',1),(645,65,1366104977045,1366097777045,'拜访',1),(646,65,1366018577047,1366011377047,'拜访',1),(647,65,1366018577048,1366011377048,'拜访',1),(648,65,1366450577049,1366443377049,'拜访',1),(649,65,1366450577051,1366443377051,'拜访',1),(650,65,1365932177052,1365924977052,'拜访',1),(651,66,1366104977053,1366097777053,'拜访',1),(652,66,1366623377054,1366616177054,'拜访',1),(653,66,1366018577056,1366011377056,'拜访',1),(654,66,1366623377057,1366616177057,'拜访',1),(655,66,1366450577059,1366443377059,'拜访',1),(656,66,1365845777060,1365838577060,'拜访',1),(657,66,1366277777061,1366270577061,'拜访',1),(658,66,1366018577063,1366011377063,'拜访',1),(659,66,1366277777065,1366270577065,'拜访',1),(660,66,1365845777066,1365838577066,'拜访',1),(661,67,1366450577068,1366443377068,'拜访',1),(662,67,1366104977069,1366097777069,'拜访',1),(663,67,1366277777070,1366270577070,'拜访',1),(664,67,1366277777072,1366270577072,'拜访',1),(665,67,1366623377074,1366616177074,'拜访',1),(666,67,1365845777075,1365838577075,'拜访',1),(667,67,1366364177077,1366356977077,'拜访',1),(668,67,1366623377078,1366616177078,'拜访',1),(669,67,1366364177079,1366356977079,'拜访',1),(670,67,1365845777081,1365838577081,'拜访',1),(671,68,1366623377082,1366616177082,'拜访',1),(672,68,1366450577083,1366443377083,'拜访',1),(673,68,1366104977085,1366097777085,'拜访',1),(674,68,1365845777086,1365838577086,'拜访',1),(675,68,1365845777087,1365838577087,'拜访',1),(676,68,1366104977089,1366097777089,'拜访',1),(677,68,1366018577090,1366011377090,'拜访',1),(678,68,1366450577092,1366443377092,'拜访',1),(679,68,1366450577093,1366443377093,'拜访',1),(680,68,1366018577095,1366011377095,'拜访',1),(681,69,1365932177096,1365924977096,'拜访',1),(682,69,1366191377098,1366184177098,'拜访',1),(683,69,1366277777099,1366270577099,'拜访',1),(684,69,1366018577101,1366011377101,'拜访',1),(685,69,1365932177102,1365924977102,'拜访',1),(686,69,1366104977104,1366097777104,'拜访',1),(687,69,1366450577105,1366443377105,'拜访',1),(688,69,1366018577107,1366011377107,'拜访',1),(689,69,1366191377108,1366184177108,'拜访',1),(690,69,1366277777110,1366270577110,'拜访',1),(691,70,1365932177111,1365924977111,'拜访',1),(692,70,1366018577113,1366011377113,'拜访',1),(693,70,1366450577114,1366443377114,'拜访',1),(694,70,1366104977116,1366097777116,'拜访',1),(695,70,1366450577117,1366443377117,'拜访',1),(696,70,1366450577119,1366443377119,'拜访',1),(697,70,1366018577120,1366011377120,'拜访',1),(698,70,1366364177122,1366356977122,'拜访',1),(699,70,1366277777123,1366270577123,'拜访',1),(700,70,1366450577124,1366443377124,'拜访',1),(701,71,1366536977126,1366529777126,'拜访',1),(702,71,1366536977127,1366529777127,'拜访',1),(703,71,1366277777129,1366270577129,'拜访',1),(704,71,1366450577131,1366443377131,'拜访',1),(705,71,1366104977132,1366097777132,'拜访',1),(706,71,1366623377134,1366616177134,'拜访',1),(707,71,1365932177135,1365924977135,'拜访',1),(708,71,1366191377137,1366184177137,'拜访',1),(709,71,1366277777138,1366270577138,'拜访',1),(710,71,1366536977139,1366529777139,'拜访',1),(711,72,1365845777141,1365838577141,'拜访',1),(712,72,1366104977142,1366097777142,'拜访',1),(713,72,1366450577144,1366443377144,'拜访',1),(714,72,1366104977145,1366097777145,'拜访',1),(715,72,1365932177147,1365924977147,'拜访',1),(716,72,1365845777148,1365838577148,'拜访',1),(717,72,1366364177149,1366356977149,'拜访',1),(718,72,1366450577151,1366443377151,'拜访',1),(719,72,1366623377152,1366616177152,'拜访',1),(720,72,1366364177154,1366356977154,'拜访',1),(721,73,1366364177155,1366356977155,'拜访',1),(722,73,1366364177156,1366356977156,'拜访',1),(723,73,1366364177158,1366356977158,'拜访',1),(724,73,1366364177160,1366356977160,'拜访',1),(725,73,1366018577161,1366011377161,'拜访',1),(726,73,1366364177163,1366356977163,'拜访',1),(727,73,1366104977164,1366097777164,'拜访',1),(728,73,1365845777166,1365838577166,'拜访',1),(729,73,1365932177167,1365924977167,'拜访',1),(730,73,1365932177168,1365924977168,'拜访',1),(731,74,1366450577170,1366443377170,'拜访',1),(732,74,1366623377171,1366616177171,'拜访',1),(733,74,1365932177172,1365924977172,'拜访',1),(734,74,1366018577174,1366011377174,'拜访',1),(735,74,1366450577176,1366443377176,'拜访',1),(736,74,1366450577177,1366443377177,'拜访',1),(737,74,1366104977179,1366097777179,'拜访',1),(738,74,1366018577180,1366011377180,'拜访',1),(739,74,1366450577181,1366443377181,'拜访',1),(740,74,1366018577182,1366011377182,'拜访',1),(741,75,1365845777183,1365838577183,'拜访',1),(742,75,1366277777185,1366270577185,'拜访',1),(743,75,1366191377187,1366184177187,'拜访',1),(744,75,1365845777188,1365838577188,'拜访',1),(745,75,1365845777190,1365838577190,'拜访',1),(746,75,1366104977191,1366097777191,'拜访',1),(747,75,1366191377192,1366184177192,'拜访',1),(748,75,1366536977194,1366529777194,'拜访',1),(749,75,1365845777196,1365838577196,'拜访',1),(750,75,1366277777197,1366270577197,'拜访',1),(751,76,1366623377199,1366616177199,'拜访',1),(752,76,1366191377200,1366184177200,'拜访',1),(753,76,1365845777201,1365838577201,'拜访',1),(754,76,1366623377203,1366616177203,'拜访',1),(755,76,1366623377204,1366616177204,'拜访',1),(756,76,1366018577206,1366011377206,'拜访',1),(757,76,1366364177208,1366356977208,'拜访',1),(758,76,1366450577209,1366443377209,'拜访',1),(759,76,1366364177210,1366356977210,'拜访',1),(760,76,1365845777212,1365838577212,'拜访',1),(761,77,1366536977213,1366529777213,'拜访',1),(762,77,1365845777215,1365838577215,'拜访',1),(763,77,1366536977216,1366529777216,'拜访',1),(764,77,1366104977218,1366097777218,'拜访',1),(765,77,1365845777219,1365838577219,'拜访',1),(766,77,1365932177221,1365924977221,'拜访',1),(767,77,1366364177222,1366356977222,'拜访',1),(768,77,1365845777223,1365838577223,'拜访',1),(769,77,1366277777225,1366270577225,'拜访',1),(770,77,1365845777227,1365838577227,'拜访',1),(771,78,1365932177228,1365924977228,'拜访',1),(772,78,1366536977230,1366529777230,'拜访',1),(773,78,1366536977231,1366529777231,'拜访',1),(774,78,1366623377232,1366616177232,'拜访',1),(775,78,1366623377238,1366616177238,'拜访',1),(776,78,1366191377244,1366184177244,'拜访',1),(777,78,1366364177245,1366356977245,'拜访',1),(778,78,1365845777247,1365838577247,'拜访',1),(779,78,1366277777248,1366270577248,'拜访',1),(780,78,1366018577249,1366011377249,'拜访',1),(781,79,1366364177251,1366356977251,'拜访',1),(782,79,1365845777252,1365838577252,'拜访',1),(783,79,1366450577254,1366443377254,'拜访',1),(784,79,1366536977255,1366529777255,'拜访',1),(785,79,1366191377257,1366184177257,'拜访',1),(786,79,1366623377258,1366616177258,'拜访',1),(787,79,1366018577260,1366011377260,'拜访',1),(788,79,1366623377261,1366616177261,'拜访',1),(789,79,1365932177263,1365924977263,'拜访',1),(790,79,1365932177265,1365924977265,'拜访',1),(791,80,1365932177266,1365924977266,'拜访',1),(792,80,1366104977267,1366097777267,'拜访',1),(793,80,1366191377269,1366184177269,'拜访',1),(794,80,1366536977270,1366529777270,'拜访',1),(795,80,1365932177272,1365924977272,'拜访',1),(796,80,1366277777273,1366270577273,'拜访',1),(797,80,1366450577275,1366443377275,'拜访',1),(798,80,1366536977276,1366529777276,'拜访',1),(799,80,1366623377278,1366616177278,'拜访',1),(800,80,1366277777279,1366270577279,'拜访',1),(801,81,1366623377280,1366616177280,'拜访',1),(802,81,1366364177282,1366356977282,'拜访',1),(803,81,1366104977283,1366097777283,'拜访',1),(804,81,1366191377285,1366184177285,'拜访',1),(805,81,1366191377287,1366184177287,'拜访',1),(806,81,1366104977288,1366097777288,'拜访',1),(807,81,1366018577289,1366011377289,'拜访',1),(808,81,1366277777290,1366270577290,'拜访',1),(809,81,1366364177292,1366356977292,'拜访',1),(810,81,1366191377293,1366184177293,'拜访',1),(811,82,1365932177294,1365924977294,'拜访',1),(812,82,1366104977296,1366097777296,'拜访',1),(813,82,1366364177297,1366356977297,'拜访',1),(814,82,1366191377299,1366184177299,'拜访',1),(815,82,1366277777300,1366270577300,'拜访',1),(816,82,1366450577302,1366443377302,'拜访',1),(817,82,1366018577303,1366011377303,'拜访',1),(818,82,1366018577304,1366011377304,'拜访',1),(819,82,1366623377306,1366616177306,'拜访',1),(820,82,1366104977308,1366097777308,'拜访',1),(821,83,1366277777309,1366270577309,'拜访',1),(822,83,1366277777310,1366270577310,'拜访',1),(823,83,1366450577326,1366443377326,'拜访',1),(824,83,1366191377327,1366184177327,'拜访',1),(825,83,1365845777329,1365838577329,'拜访',1),(826,83,1365845777330,1365838577330,'拜访',1),(827,83,1366104977332,1366097777332,'拜访',1),(828,83,1366364177333,1366356977333,'拜访',1),(829,83,1366364177335,1366356977335,'拜访',1),(830,83,1366623377336,1366616177336,'拜访',1),(831,84,1365932177337,1365924977337,'拜访',1),(832,84,1365845777338,1365838577338,'拜访',1),(833,84,1366450577339,1366443377339,'拜访',1),(834,84,1366536977341,1366529777341,'拜访',1),(835,84,1366623377343,1366616177343,'拜访',1),(836,84,1365845777344,1365838577344,'拜访',1),(837,84,1365845777345,1365838577345,'拜访',1),(838,84,1366277777347,1366270577347,'拜访',1),(839,84,1366104977348,1366097777348,'拜访',1),(840,84,1366450577349,1366443377349,'拜访',1),(841,85,1366104977351,1366097777351,'拜访',1),(842,85,1366536977352,1366529777352,'拜访',1),(843,85,1366623377354,1366616177354,'拜访',1),(844,85,1366277777355,1366270577355,'拜访',1),(845,85,1366191377357,1366184177357,'拜访',1),(846,85,1366191377358,1366184177358,'拜访',1),(847,85,1366277777360,1366270577360,'拜访',1),(848,85,1366623377361,1366616177361,'拜访',1),(849,85,1366018577363,1366011377363,'拜访',1),(850,85,1366277777364,1366270577364,'拜访',1),(851,86,1366536977366,1366529777366,'拜访',1),(852,86,1366277777367,1366270577367,'拜访',1),(853,86,1366277777368,1366270577368,'拜访',1),(854,86,1366450577370,1366443377370,'拜访',1),(855,86,1366364177371,1366356977371,'拜访',1),(856,86,1366277777373,1366270577373,'拜访',1),(857,86,1366623377375,1366616177375,'拜访',1),(858,86,1366536977376,1366529777376,'拜访',1),(859,86,1366450577378,1366443377378,'拜访',1),(860,86,1366536977379,1366529777379,'拜访',1),(861,87,1366104977380,1366097777380,'拜访',1),(862,87,1366450577381,1366443377381,'拜访',1),(863,87,1366191377383,1366184177383,'拜访',1),(864,87,1366450577384,1366443377384,'拜访',1),(865,87,1366018577386,1366011377386,'拜访',1),(866,87,1366623377387,1366616177387,'拜访',1),(867,87,1366536977389,1366529777389,'拜访',1),(868,87,1365932177390,1365924977390,'拜访',1),(869,87,1366364177392,1366356977392,'拜访',1),(870,87,1365932177393,1365924977393,'拜访',1),(871,88,1366623377394,1366616177394,'拜访',1),(872,88,1366364177396,1366356977396,'拜访',1),(873,88,1366277777398,1366270577398,'拜访',1),(874,88,1366623377399,1366616177399,'拜访',1),(875,88,1366623377401,1366616177401,'拜访',1),(876,88,1366018577402,1366011377402,'拜访',1),(877,88,1365845777403,1365838577403,'拜访',1),(878,88,1366191377405,1366184177405,'拜访',1),(879,88,1366536977406,1366529777406,'拜访',1),(880,88,1366536977407,1366529777407,'拜访',1),(881,89,1366018577408,1366011377408,'拜访',1),(882,89,1366450577410,1366443377410,'拜访',1),(883,89,1366191377411,1366184177411,'拜访',1),(884,89,1366277777413,1366270577413,'拜访',1),(885,89,1366104977414,1366097777414,'拜访',1),(886,89,1366450577416,1366443377416,'拜访',1),(887,89,1366104977417,1366097777417,'拜访',1),(888,89,1366018577418,1366011377418,'拜访',1),(889,89,1366364177420,1366356977420,'拜访',1),(890,89,1365932177421,1365924977421,'拜访',1),(891,90,1366104977422,1366097777422,'拜访',1),(892,90,1366018577424,1366011377424,'拜访',1),(893,90,1366277777425,1366270577425,'拜访',1),(894,90,1365845777426,1365838577426,'拜访',1),(895,90,1365932177428,1365924977428,'拜访',1),(896,90,1366018577429,1366011377429,'拜访',1),(897,90,1366104977431,1366097777431,'拜访',1),(898,90,1366104977432,1366097777432,'拜访',1),(899,90,1366277777434,1366270577434,'拜访',1),(900,90,1366623377435,1366616177435,'拜访',1),(901,91,1366450577436,1366443377436,'拜访',1),(902,91,1366277777438,1366270577438,'拜访',1),(903,91,1366450577439,1366443377439,'拜访',1),(904,91,1366191377441,1366184177441,'拜访',1),(905,91,1366104977442,1366097777442,'拜访',1),(906,91,1366450577443,1366443377443,'拜访',1),(907,91,1365845777445,1365838577445,'拜访',1),(908,91,1365932177446,1365924977446,'拜访',1),(909,91,1366364177447,1366356977447,'拜访',1),(910,91,1366104977449,1366097777449,'拜访',1),(911,92,1366364177450,1366356977450,'拜访',1),(912,92,1366536977474,1366529777474,'拜访',1),(913,92,1365845777476,1365838577476,'拜访',1),(914,92,1366191377478,1366184177478,'拜访',1),(915,92,1366018577479,1366011377479,'拜访',1),(916,92,1365845777481,1365838577481,'拜访',1),(917,92,1366104977483,1366097777483,'拜访',1),(918,92,1366191377484,1366184177484,'拜访',1),(919,92,1366364177486,1366356977486,'拜访',1),(920,92,1366623377488,1366616177488,'拜访',1),(921,93,1366018577489,1366011377489,'拜访',1),(922,93,1366191377491,1366184177491,'拜访',1),(923,93,1365845777493,1365838577493,'拜访',1),(924,93,1366364177494,1366356977494,'拜访',1),(925,93,1366191377496,1366184177496,'拜访',1),(926,93,1366536977497,1366529777497,'拜访',1),(927,93,1365845777499,1365838577499,'拜访',1),(928,93,1366536977500,1366529777500,'拜访',1),(929,93,1366277777502,1366270577502,'拜访',1),(930,93,1366104977503,1366097777503,'拜访',1),(931,94,1366018577505,1366011377505,'拜访',1),(932,94,1366450577506,1366443377506,'拜访',1),(933,94,1366018577507,1366011377507,'拜访',1),(934,94,1366277777509,1366270577509,'拜访',1),(935,94,1365932177510,1365924977510,'拜访',1),(936,94,1366536977511,1366529777511,'拜访',1),(937,94,1366450577513,1366443377513,'拜访',1),(938,94,1366104977514,1366097777514,'拜访',1),(939,94,1365845777515,1365838577515,'拜访',1),(940,94,1366277777517,1366270577517,'拜访',1),(941,95,1366536977518,1366529777518,'拜访',1),(942,95,1366450577520,1366443377520,'拜访',1),(943,95,1365932177521,1365924977521,'拜访',1),(944,95,1366018577522,1366011377522,'拜访',1),(945,95,1366191377524,1366184177524,'拜访',1),(946,95,1366623377525,1366616177525,'拜访',1),(947,95,1366623377526,1366616177526,'拜访',1),(948,95,1365845777528,1365838577528,'拜访',1),(949,95,1365845777530,1365838577530,'拜访',1),(950,95,1366018577531,1366011377531,'拜访',1),(951,96,1366623377532,1366616177532,'拜访',1),(952,96,1366364177534,1366356977534,'拜访',1),(953,96,1366450577535,1366443377535,'拜访',1),(954,96,1366450577536,1366443377536,'拜访',1),(955,96,1366018577538,1366011377538,'拜访',1),(956,96,1366450577539,1366443377539,'拜访',1),(957,96,1366104977541,1366097777541,'拜访',1),(958,96,1366450577542,1366443377542,'拜访',1),(959,96,1366277777543,1366270577543,'拜访',1),(960,96,1366277777545,1366270577545,'拜访',1),(961,97,1366450577546,1366443377546,'拜访',1),(962,97,1366364177548,1366356977548,'拜访',1),(963,97,1366364177549,1366356977549,'拜访',1),(964,97,1366277777550,1366270577550,'拜访',1),(965,97,1366450577552,1366443377552,'拜访',1),(966,97,1366623377553,1366616177553,'拜访',1),(967,97,1365845777554,1365838577554,'拜访',1),(968,97,1366018577556,1366011377556,'拜访',1),(969,97,1366536977557,1366529777557,'拜访',1),(970,97,1366450577558,1366443377558,'拜访',1),(971,98,1365845777560,1365838577560,'拜访',1),(972,98,1365845777561,1365838577561,'拜访',1),(973,98,1366277777562,1366270577562,'拜访',1),(974,98,1366104977564,1366097777564,'拜访',1),(975,98,1366623377565,1366616177565,'拜访',1),(976,98,1366450577567,1366443377567,'拜访',1),(977,98,1365845777568,1365838577568,'拜访',1),(978,98,1366450577569,1366443377569,'拜访',1),(979,98,1366104977571,1366097777571,'拜访',1),(980,98,1366191377573,1366184177573,'拜访',1),(981,99,1366191377574,1366184177574,'拜访',1),(982,99,1366191377576,1366184177576,'拜访',1),(983,99,1366191377577,1366184177577,'拜访',1),(984,99,1366450577578,1366443377578,'拜访',1),(985,99,1366277777580,1366270577580,'拜访',1),(986,99,1365845777581,1365838577581,'拜访',1),(987,99,1366277777582,1366270577582,'拜访',1),(988,99,1366450577584,1366443377584,'拜访',1),(989,99,1366018577595,1366011377595,'拜访',1),(990,99,1366104977597,1366097777597,'拜访',1),(1067,20,1367388183000,1367377383000,'拜访',1),(1068,20,1367992983000,1367982183000,'拜访',2),(1069,20,1367301783000,1367290983000,'拜访',1),(1070,20,1367906583000,1367895783000,'拜访',2),(1071,20,1367474583000,1367463783000,'拜访',1),(1072,20,1368597783000,1368586983000,'拜访',2),(1073,20,1368684221000,1368680621000,'拜访',2),(1074,20,1368079421000,1368075821000,'拜访',1),(1075,20,1368079421000,1368075821000,'拜访',1),(1076,20,1367298417000,1367298417000,'拜访',1),(1077,20,1367384817000,1367384817000,'拜访',2),(1078,20,1367471217000,1367471217000,'拜访',2),(1079,20,1369200161000,1369196501000,'拜访',2),(1080,20,1368163361000,1368159701000,'拜访',2),(1081,20,1367558561000,1367554901000,'拜访',2);
/*!40000 ALTER TABLE `activity` ENABLE KEYS */;
UNLOCK TABLES;

--
-- Table structure for table `activity_types`
--

DROP TABLE IF EXISTS `activity_types`;
/*!40101 SET @saved_cs_client     = @@character_set_client */;
/*!40101 SET character_set_client = utf8 */;
CREATE TABLE `activity_types` (
  `id` mediumint(9) NOT NULL AUTO_INCREMENT,
  `val` varchar(255) DEFAULT NULL,
  PRIMARY KEY (`id`) USING BTREE
) ENGINE=InnoDB AUTO_INCREMENT=3 DEFAULT CHARSET=utf8;
/*!40101 SET character_set_client = @saved_cs_client */;

--
-- Dumping data for table `activity_types`
--

LOCK TABLES `activity_types` WRITE;
/*!40000 ALTER TABLE `activity_types` DISABLE KEYS */;
INSERT INTO `activity_types` VALUES (1,'拜访'),(2,'会议');
/*!40000 ALTER TABLE `activity_types` ENABLE KEYS */;
UNLOCK TABLES;

--
-- Table structure for table `city`
--

DROP TABLE IF EXISTS `city`;
/*!40101 SET @saved_cs_client     = @@character_set_client */;
/*!40101 SET character_set_client = utf8 */;
CREATE TABLE `city` (
  `id` mediumint(9) NOT NULL AUTO_INCREMENT,
  `name` varchar(255) NOT NULL,
  `provinceId` varchar(255) NOT NULL,
  PRIMARY KEY (`id`) USING BTREE
) ENGINE=InnoDB AUTO_INCREMENT=98 DEFAULT CHARSET=utf8;
/*!40101 SET character_set_client = @saved_cs_client */;

--
-- Dumping data for table `city`
--

LOCK TABLES `city` WRITE;
/*!40000 ALTER TABLE `city` DISABLE KEYS */;
INSERT INTO `city` VALUES (1,'北京','1'),(2,'天津市','2'),(3,'石家庄市','3'),(4,'唐山市','3'),(5,'秦皇岛市','3'),(6,'邯郸市','3'),(7,'邢台市','3'),(8,'保定市','3'),(9,'张家口市','3'),(10,'承德市','3'),(11,'沧州市','3'),(12,'衡水市','3'),(13,'太原市','4'),(14,'大同市','4'),(15,'阳泉市','4'),(16,'长治市','4'),(17,'晋城市','4'),(18,'朔州市','4'),(19,'忻州市','4'),(20,'吕梁市','4'),(21,'晋中市','4'),(22,'呼和浩特市','5'),(23,'包头市','5'),(24,'乌海市','5'),(25,'赤峰市','5'),(26,'呼伦贝尔市','5'),(27,'兴安盟','5'),(28,'通辽市','5'),(29,'锡林郭勒盟','5'),(30,'乌兰察布盟','5'),(31,'沈阳市','6'),(32,'大连市','6'),(33,'鞍山市','6'),(34,'抚顺市','6'),(35,'丹东市','6'),(36,'锦州市','6'),(37,'阜新市','6'),(38,'辽阳市','6'),(39,'盘锦市','6'),(40,'铁岭市','6'),(41,'朝阳市','6'),(42,'长春市','7'),(43,'吉林市','7'),(44,'四平市','7'),(45,'四平市','7'),(46,'辽源市','7'),(47,'通化市','7'),(48,'白山市','7'),(49,'松原市','7'),(50,'白城市','7'),(51,'延边朝鲜族自治州','7'),(52,'长沙市','8'),(53,'株洲市','8'),(54,'湘潭市','8'),(55,'衡阳市','8'),(56,'邵阳市','8'),(57,'岳阳市','8'),(58,'张家界市','8'),(59,'郴州市','8'),(60,'永州市','8'),(61,'怀化市','8'),(62,'海口市','9'),(63,'三亚市','9'),(64,'重庆市','10'),(65,'成都市','11'),(66,'自贡市','11'),(67,'攀枝花市','11'),(68,'贵阳市','12'),(69,'六盘水市','12'),(70,'遵义市','12'),(71,'昆明市','13'),(72,'曲靖市','13'),(73,'玉溪市','13'),(74,'拉萨市','14'),(75,'昌都地区','14'),(76,'山南地区','14'),(77,'兰州市','15'),(78,'嘉峪关市','15'),(79,'金昌市','15'),(80,'西宁市','16'),(81,'海东地区','16'),(82,'海北藏族自治州','16'),(83,'银川市','17'),(84,'石嘴山市','17'),(85,'吴忠市','17'),(86,'乌鲁木齐市','18'),(87,'克拉玛依市','18'),(88,'吐鲁番地区','18'),(89,'南宁市','19'),(90,'柳州市','19'),(91,'桂林市','19'),(92,'武汉市','20'),(93,'黄石市','20'),(94,'十堰市','20'),(95,'郑州市','21'),(96,'开封市','21'),(97,'洛阳市','21');
/*!40000 ALTER TABLE `city` ENABLE KEYS */;
UNLOCK TABLES;

--
-- Table structure for table `contact`
--

DROP TABLE IF EXISTS `contact`;
/*!40101 SET @saved_cs_client     = @@character_set_client */;
/*!40101 SET character_set_client = utf8 */;
CREATE TABLE `contact` (
  `id` mediumint(9) NOT NULL AUTO_INCREMENT,
  `name` varchar(255) NOT NULL,
  `branch` varchar(255) DEFAULT NULL,
  `department` varchar(255) DEFAULT NULL,
  `duty` varchar(255) DEFAULT NULL,
  `gender` varchar(255) DEFAULT NULL,
  `mobilephone` varchar(255) DEFAULT NULL,
  `tel_work` varchar(255) DEFAULT NULL,
  `title` varchar(255) DEFAULT NULL,
  `accountId` mediumint(9) NOT NULL,
  `sex` mediumint(9) DEFAULT NULL,
  `pl1` mediumint(9) DEFAULT NULL,
  `pl2` mediumint(9) DEFAULT NULL,
  `pl3` mediumint(9) DEFAULT NULL,
  `pl4` mediumint(9) DEFAULT NULL,
  `pl5` mediumint(9) DEFAULT NULL,
  PRIMARY KEY (`id`) USING BTREE
) ENGINE=InnoDB AUTO_INCREMENT=81 DEFAULT CHARSET=utf8;
/*!40101 SET character_set_client = @saved_cs_client */;

--
-- Dumping data for table `contact`
--

LOCK TABLES `contact` WRITE;
/*!40000 ALTER TABLE `contact` DISABLE KEYS */;
INSERT INTO `contact` VALUES (1,'张30','移动','科技部','公关','男','1350109530','86-8492930','主治医师',15,1,4,1,4,1,1),(2,'张31','移动','科技部','公关','男','1350109531','86-8492931','主治医师',19,1,7,2,2,3,1),(3,'张32','移动','科技部','公关','男','1350109532','86-8492932','主治医师',86,1,10,7,3,2,1),(4,'张33','移动','科技部','公关','男','1350109533','86-8492933','主治医师',13,1,3,6,7,4,1),(5,'张34','移动','科技部','公关','男','1350109534','86-8492934','主治医师',18,1,3,5,7,3,1),(6,'张35','移动','科技部','公关','男','1350109535','86-8492935','主治医师',78,1,4,3,6,2,1),(7,'张36','移动','科技部','公关','男','1350109536','86-8492936','主治医师',37,1,4,1,6,3,1),(8,'张37','移动','科技部','公关','男','1350109537','86-8492937','主治医师',47,1,10,1,7,3,1),(9,'张38','移动','科技部','公关','男','1350109538','86-8492938','主治医师',62,1,2,5,3,1,1),(10,'张39','移动','科技部','公关','男','1350109539','86-8492939','主治医师',21,1,9,4,6,2,1),(11,'张310','移动','科技部','公关','男','13501095310','86-84929310','主治医师',64,1,2,7,4,3,1),(12,'张311','移动','科技部','公关','男','13501095311','86-84929311','主治医师',34,1,5,3,1,1,1),(13,'张312','移动','科技部','公关','男','13501095312','86-84929312','主治医师',46,1,4,4,6,5,1),(14,'张313','移动','科技部','公关','男','13501095313','86-84929313','主治医师',18,1,1,3,1,5,1),(15,'张314','移动','科技部','公关','男','13501095314','86-84929314','主治医师',70,1,3,3,1,1,1),(16,'张315','移动','科技部','公关','男','13501095315','86-84929315','主治医师',37,1,4,2,6,4,1),(17,'张316','移动','科技部','公关','男','13501095316','86-84929316','主治医师',90,1,9,3,2,2,1),(18,'张317','移动','科技部','公关','男','13501095317','86-84929317','主治医师',41,1,5,2,1,5,1),(19,'张318','移动','科技部','公关','男','13501095318','86-84929318','主治医师',85,1,6,3,3,2,1),(20,'张319','移动','科技部','公关','男','13501095319','86-84929319','主治医师',46,1,9,6,4,1,1),(21,'张320','移动','科技部','公关','男','13501095320','86-84929320','主治医师',3,1,3,5,6,2,1),(22,'张321','移动','科技部','公关','男','13501095321','86-84929321','主治医师',31,1,4,7,3,4,1),(23,'张322','移动','科技部','公关','男','13501095322','86-84929322','主治医师',37,1,5,4,7,3,1),(24,'张323','移动','科技部','公关','男','13501095323','86-84929323','主治医师',3,1,3,4,5,4,1),(25,'张324','移动','科技部','公关','男','13501095324','86-84929324','主治医师',94,1,2,6,3,3,1),(26,'张325','移动','科技部','公关','男','13501095325','86-84929325','主治医师',36,1,6,4,6,2,1),(27,'张326','移动','科技部','公关','男','13501095326','86-84929326','主治医师',96,1,8,1,1,1,1),(28,'张327','移动','科技部','公关','男','13501095327','86-84929327','主治医师',68,1,2,1,2,3,1),(29,'张328','移动','科技部','公关','男','13501095328','86-84929328','主治医师',13,1,4,4,6,3,1),(30,'张329','移动','科技部','公关','男','13501095329','86-84929329','主治医师',52,1,11,4,5,1,1),(31,'张330','移动','科技部','公关','男','13501095330','86-84929330','主治医师',95,1,9,1,7,3,1),(32,'张331','移动','科技部','公关','男','13501095331','86-84929331','主治医师',67,1,7,7,3,2,1),(33,'张332','移动','科技部','公关','男','13501095332','86-84929332','主治医师',6,1,3,3,2,2,1),(34,'张333','移动','科技部','公关','男','13501095333','86-84929333','主治医师',95,1,5,3,7,3,1),(35,'张334','移动','科技部','公关','男','13501095334','86-84929334','主治医师',66,1,3,3,7,3,1),(36,'张335','移动','科技部','公关','男','13501095335','86-84929335','主治医师',94,1,9,2,7,3,1),(37,'张336','移动','科技部','公关','男','13501095336','86-84929336','主治医师',10,1,2,1,2,1,1),(38,'张337','移动','科技部','公关','男','13501095337','86-84929337','主治医师',26,1,8,5,7,1,1),(39,'张338','移动','科技部','公关','男','13501095338','86-84929338','主治医师',10,1,12,3,4,4,1),(40,'张339','移动','科技部','公关','男','13501095339','86-84929339','主治医师',43,1,12,2,3,3,1),(41,'张340','移动','科技部','公关','男','13501095340','86-84929340','主治医师',57,1,7,4,3,2,1),(42,'张341','移动','科技部','公关','男','13501095341','86-84929341','主治医师',10,1,10,1,3,1,1),(43,'张342','移动','科技部','公关','男','13501095342','86-84929342','主治医师',88,1,10,4,6,4,1),(44,'张343','移动','科技部','公关','男','13501095343','86-84929343','主治医师',8,1,6,4,1,2,1),(45,'张344','移动','科技部','公关','男','13501095344','86-84929344','主治医师',16,1,3,1,6,3,1),(46,'张345','移动','科技部','公关','男','13501095345','86-84929345','主治医师',77,1,1,1,6,1,1),(47,'张346','移动','科技部','公关','男','13501095346','86-84929346','主治医师',92,1,10,2,5,2,1),(48,'张347','移动','科技部','公关','男','13501095347','86-84929347','主治医师',6,1,2,7,2,4,1),(49,'张348','移动','科技部','公关','男','13501095348','86-84929348','主治医师',62,1,8,6,2,3,1),(50,'张349','移动','科技部','公关','男','13501095349','86-84929349','主治医师',18,1,12,7,5,1,1),(51,'张350','移动','科技部','公关','男','13501095350','86-84929350','主治医师',96,1,1,2,6,4,1),(52,'张351','移动','科技部','公关','男','13501095351','86-84929351','主治医师',70,1,6,3,1,4,1),(53,'张352','移动','科技部','公关','男','13501095352','86-84929352','主治医师',46,1,1,4,1,3,1),(54,'张353','移动','科技部','公关','男','13501095353','86-84929353','主治医师',28,1,3,7,7,2,1),(55,'张354','移动','科技部','公关','男','13501095354','86-84929354','主治医师',96,1,5,7,6,1,1),(56,'张355','移动','科技部','公关','男','13501095355','86-84929355','主治医师',57,1,3,4,6,1,1),(57,'张356','移动','科技部','公关','男','13501095356','86-84929356','主治医师',49,1,9,7,2,3,1),(58,'张357','移动','科技部','公关','男','13501095357','86-84929357','主治医师',38,1,5,4,4,1,1),(59,'张358','移动','科技部','公关','男','13501095358','86-84929358','主治医师',72,1,9,2,5,2,1),(60,'张359','移动','科技部','公关','男','13501095359','86-84929359','主治医师',2,1,7,1,2,2,1),(61,'张360','移动','科技部','公关','男','13501095360','86-84929360','主治医师',61,1,6,6,2,5,1),(62,'张361','移动','科技部','公关','男','13501095361','86-84929361','主治医师',17,1,9,7,1,1,1),(63,'张362','移动','科技部','公关','男','13501095362','86-84929362','主治医师',57,1,10,1,5,2,1),(64,'张363','移动','科技部','公关','男','13501095363','86-84929363','主治医师',26,1,4,6,2,1,1),(65,'张364','移动','科技部','公关','男','13501095364','86-84929364','主治医师',73,1,7,1,2,3,1),(66,'张365','移动','科技部','公关','男','13501095365','86-84929365','主治医师',26,1,12,5,7,1,1),(67,'张366','移动','科技部','公关','男','13501095366','86-84929366','主治医师',31,1,1,5,4,4,1),(68,'张367','移动','科技部','公关','男','13501095367','86-84929367','主治医师',35,1,12,4,6,3,1),(69,'张368','移动','科技部','公关','男','13501095368','86-84929368','主治医师',17,1,11,4,2,3,1),(70,'张369','移动','科技部','公关','男','13501095369','86-84929369','主治医师',55,1,1,3,1,3,1),(71,'张370','移动','科技部','公关','男','13501095370','86-84929370','主治医师',45,1,10,4,5,3,1),(72,'张371','移动','科技部','公关','男','13501095371','86-84929371','主治医师',92,1,9,2,5,5,1),(73,'张372','移动','科技部','公关','男','13501095372','86-84929372','主治医师',43,1,10,2,7,1,1),(74,'张373','移动','科技部','公关','男','13501095373','86-84929373','主治医师',65,1,5,2,6,5,1),(75,'张374','移动','科技部','公关','男','13501095374','86-84929374','主治医师',49,1,2,2,6,2,1),(76,'张375','移动','科技部','公关','男','13501095375','86-84929375','主治医师',90,1,6,1,5,5,1),(77,'张376','移动','科技部','公关','男','13501095376','86-84929376','主治医师',86,1,3,4,7,3,1),(78,'张377','移动','科技部','公关','男','13501095377','86-84929377','主治医师',24,1,1,2,3,1,1),(79,'张378','移动','科技部','公关','男','13501095378','86-84929378','主治医师',79,1,9,7,5,1,1),(80,'张379','移动','科技部','公关','男','13501095379','86-84929379','主治医师',27,1,5,5,2,3,1);
/*!40000 ALTER TABLE `contact` ENABLE KEYS */;
UNLOCK TABLES;

--
-- Table structure for table `contact_pl1`
--

DROP TABLE IF EXISTS `contact_pl1`;
/*!40101 SET @saved_cs_client     = @@character_set_client */;
/*!40101 SET character_set_client = utf8 */;
CREATE TABLE `contact_pl1` (
  `id` mediumint(9) NOT NULL AUTO_INCREMENT,
  `val` varchar(255) DEFAULT NULL,
  PRIMARY KEY (`id`) USING BTREE
) ENGINE=InnoDB AUTO_INCREMENT=14 DEFAULT CHARSET=utf8;
/*!40101 SET character_set_client = @saved_cs_client */;

--
-- Dumping data for table `contact_pl1`
--

LOCK TABLES `contact_pl1` WRITE;
/*!40000 ALTER TABLE `contact_pl1` DISABLE KEYS */;
INSERT INTO `contact_pl1` VALUES (1,'肿瘤科'),(2,'内科'),(3,'外科'),(4,'中医科'),(5,'化疗科'),(6,'关怀科'),(7,'牙科'),(8,'急症科'),(9,'骨科'),(10,'肝胆外科'),(11,'血液科'),(12,'风湿科'),(13,'呼吸科');
/*!40000 ALTER TABLE `contact_pl1` ENABLE KEYS */;
UNLOCK TABLES;

--
-- Table structure for table `contact_pl2`
--

DROP TABLE IF EXISTS `contact_pl2`;
/*!40101 SET @saved_cs_client     = @@character_set_client */;
/*!40101 SET character_set_client = utf8 */;
CREATE TABLE `contact_pl2` (
  `id` mediumint(9) NOT NULL AUTO_INCREMENT,
  `val` varchar(255) DEFAULT NULL,
  PRIMARY KEY (`id`) USING BTREE
) ENGINE=InnoDB AUTO_INCREMENT=9 DEFAULT CHARSET=utf8;
/*!40101 SET character_set_client = @saved_cs_client */;

--
-- Dumping data for table `contact_pl2`
--

LOCK TABLES `contact_pl2` WRITE;
/*!40000 ALTER TABLE `contact_pl2` DISABLE KEYS */;
INSERT INTO `contact_pl2` VALUES (1,'主任'),(2,'主治医师'),(3,'科室主任'),(4,'采购'),(5,'科室主任'),(6,'院长'),(7,'副院长'),(8,'药剂科主任');
/*!40000 ALTER TABLE `contact_pl2` ENABLE KEYS */;
UNLOCK TABLES;

--
-- Table structure for table `contact_pl3`
--

DROP TABLE IF EXISTS `contact_pl3`;
/*!40101 SET @saved_cs_client     = @@character_set_client */;
/*!40101 SET character_set_client = utf8 */;
CREATE TABLE `contact_pl3` (
  `id` mediumint(9) NOT NULL AUTO_INCREMENT,
  `val` varchar(255) DEFAULT NULL,
  PRIMARY KEY (`id`) USING BTREE
) ENGINE=InnoDB AUTO_INCREMENT=9 DEFAULT CHARSET=utf8;
/*!40101 SET character_set_client = @saved_cs_client */;

--
-- Dumping data for table `contact_pl3`
--

LOCK TABLES `contact_pl3` WRITE;
/*!40000 ALTER TABLE `contact_pl3` DISABLE KEYS */;
INSERT INTO `contact_pl3` VALUES (1,'住院医师'),(2,'主治医师'),(3,'副主任医师'),(4,'主任医师'),(5,'护士'),(6,'主管护师'),(7,'药师'),(8,'技师');
/*!40000 ALTER TABLE `contact_pl3` ENABLE KEYS */;
UNLOCK TABLES;

--
-- Table structure for table `contact_pl4`
--

DROP TABLE IF EXISTS `contact_pl4`;
/*!40101 SET @saved_cs_client     = @@character_set_client */;
/*!40101 SET character_set_client = utf8 */;
CREATE TABLE `contact_pl4` (
  `id` mediumint(9) NOT NULL AUTO_INCREMENT,
  `val` varchar(255) DEFAULT NULL,
  PRIMARY KEY (`id`) USING BTREE
) ENGINE=InnoDB AUTO_INCREMENT=7 DEFAULT CHARSET=utf8;
/*!40101 SET character_set_client = @saved_cs_client */;

--
-- Dumping data for table `contact_pl4`
--

LOCK TABLES `contact_pl4` WRITE;
/*!40000 ALTER TABLE `contact_pl4` DISABLE KEYS */;
INSERT INTO `contact_pl4` VALUES (1,'奥施康定'),(2,'奇曼丁'),(3,'意施丁'),(4,'综合'),(5,'麻药'),(6,'慢痛');
/*!40000 ALTER TABLE `contact_pl4` ENABLE KEYS */;
UNLOCK TABLES;

--
-- Table structure for table `contact_pl5`
--

DROP TABLE IF EXISTS `contact_pl5`;
/*!40101 SET @saved_cs_client     = @@character_set_client */;
/*!40101 SET character_set_client = utf8 */;
CREATE TABLE `contact_pl5` (
  `id` mediumint(9) NOT NULL AUTO_INCREMENT,
  `val` varchar(255) DEFAULT NULL,
  PRIMARY KEY (`id`) USING BTREE
) ENGINE=InnoDB AUTO_INCREMENT=3 DEFAULT CHARSET=utf8;
/*!40101 SET character_set_client = @saved_cs_client */;

--
-- Dumping data for table `contact_pl5`
--

LOCK TABLES `contact_pl5` WRITE;
/*!40000 ALTER TABLE `contact_pl5` DISABLE KEYS */;
INSERT INTO `contact_pl5` VALUES (1,'有效'),(2,'无效');
/*!40000 ALTER TABLE `contact_pl5` ENABLE KEYS */;
UNLOCK TABLES;

--
-- Table structure for table `crmuser`
--

DROP TABLE IF EXISTS `crmuser`;
/*!40101 SET @saved_cs_client     = @@character_set_client */;
/*!40101 SET character_set_client = utf8 */;
CREATE TABLE `crmuser` (
  `id` mediumint(9) NOT NULL AUTO_INCREMENT,
  `name` varchar(255) NOT NULL,
  `department` varchar(255) DEFAULT NULL,
  `division` varchar(255) DEFAULT NULL,
  `cellPhone` varchar(255) DEFAULT NULL,
  `email` varchar(255) DEFAULT NULL,
  `employeeNumber` varchar(255) DEFAULT NULL,
  `photo` varchar(255) DEFAULT NULL,
  `jobTitle` varchar(255) DEFAULT NULL,
  `cityId` mediumint(9) NOT NULL,
  `pl1` mediumint(9) DEFAULT NULL,
  `pl2` mediumint(9) DEFAULT NULL,
  `role` mediumint(9) DEFAULT NULL,
  `pl4` mediumint(9) DEFAULT NULL,
  `pl5` mediumint(9) DEFAULT NULL,
  PRIMARY KEY (`id`) USING BTREE
) ENGINE=InnoDB AUTO_INCREMENT=100 DEFAULT CHARSET=utf8;
/*!40101 SET character_set_client = @saved_cs_client */;

--
-- Dumping data for table `crmuser`
--

LOCK TABLES `crmuser` WRITE;
/*!40000 ALTER TABLE `crmuser` DISABLE KEYS */;
INSERT INTO `crmuser` VALUES (1,'李1',NULL,'医疗设备部','13811991','myemail1@gmail.com',NULL,'/crm-admin/image/6.jpeg','职员',42,1,1,2,2,4),(2,'李2',NULL,'医疗设备部','13811992','myemail2@gmail.com',NULL,'/crm-admin/image/15.jpeg','职员',70,1,1,3,2,2),(3,'李3',NULL,'医疗设备部','13811993','myemail3@gmail.com',NULL,'/crm-admin/image/3.jpeg','职员',12,1,2,4,1,4),(4,'李4',NULL,'医疗设备部','13811994','myemail4@gmail.com',NULL,'/crm-admin/image/18.jpeg','职员',53,1,1,1,2,4),(5,'李5',NULL,'医疗设备部','13811995','myemail5@gmail.com',NULL,'/crm-admin/image/13.jpeg','职员',79,1,2,4,1,2),(6,'李6',NULL,'医疗设备部','13811996','myemail6@gmail.com',NULL,'/crm-admin/image/7.jpeg','职员',29,1,2,3,2,5),(7,'李7',NULL,'医疗设备部','13811997','myemail7@gmail.com',NULL,'/crm-admin/image/19.jpeg','职员',80,1,1,2,1,1),(8,'李8',NULL,'医疗设备部','13811998','myemail8@gmail.com',NULL,'/crm-admin/image/15.jpeg','职员',5,1,2,2,1,2),(9,'李9',NULL,'医疗设备部','13811999','myemail9@gmail.com',NULL,'/crm-admin/image/7.jpeg','职员',4,1,2,4,1,1),(10,'李10',NULL,'医疗设备部','138119910','myemail10@gmail.com',NULL,'/crm-admin/image/1.jpeg','职员',54,1,1,3,1,1),(11,'李11',NULL,'医疗设备部','138119911','myemail11@gmail.com',NULL,'/crm-admin/image/3.jpeg','职员',11,1,2,1,1,5),(12,'李12',NULL,'医疗设备部','138119912','myemail12@gmail.com',NULL,'/crm-admin/image/10.jpeg','职员',92,1,1,1,1,1),(13,'李13',NULL,'医疗设备部','138119913','myemail13@gmail.com',NULL,'/crm-admin/image/1.jpeg','职员',61,1,1,2,1,3),(14,'李14',NULL,'医疗设备部','138119914','myemail14@gmail.com',NULL,'/crm-admin/image/6.jpeg','职员',6,1,2,4,1,6),(15,'李15',NULL,'医疗设备部','138119915','myemail15@gmail.com',NULL,'/crm-admin/image/9.jpeg','职员',42,1,1,3,2,6),(16,'李16',NULL,'医疗设备部','138119916','myemail16@gmail.com',NULL,'/crm-admin/image/12.jpeg','职员',13,1,1,2,1,6),(17,'李17',NULL,'医疗设备部','138119917','myemail17@gmail.com',NULL,'/crm-admin/image/1.jpeg','职员',78,1,2,4,1,5),(18,'李18',NULL,'医疗设备部','138119918','myemail18@gmail.com',NULL,'/crm-admin/image/5.jpeg','职员',11,1,1,4,1,2),(19,'李19',NULL,'医疗设备部','138119919','myemail19@gmail.com',NULL,'/crm-admin/image/16.jpeg','职员',65,1,2,4,2,4),(20,'李20',NULL,'医疗设备部','138119920','myemail20@gmail.com',NULL,'/crm-admin/image/5.jpeg','职员',1,1,2,3,2,3),(21,'李21',NULL,'医疗设备部','138119921','myemail21@gmail.com',NULL,'/crm-admin/image/16.jpeg','职员',75,1,2,1,2,3),(22,'李22',NULL,'医疗设备部','138119922','myemail22@gmail.com',NULL,'/crm-admin/image/4.jpeg','职员',23,1,1,3,1,2),(23,'李23',NULL,'医疗设备部','138119923','myemail23@gmail.com',NULL,'/crm-admin/image/18.jpeg','职员',93,1,2,3,2,3),(24,'李24',NULL,'医疗设备部','138119924','myemail24@gmail.com',NULL,'/crm-admin/image/10.jpeg','职员',6,1,1,4,2,4),(25,'李25',NULL,'医疗设备部','138119925','myemail25@gmail.com',NULL,'/crm-admin/image/16.jpeg','职员',40,1,1,4,2,5),(26,'李26',NULL,'医疗设备部','138119926','myemail26@gmail.com',NULL,'/crm-admin/image/15.jpeg','职员',12,1,2,1,1,2),(27,'李27',NULL,'医疗设备部','138119927','myemail27@gmail.com',NULL,'/crm-admin/image/19.jpeg','职员',63,1,2,3,1,4),(28,'李28',NULL,'医疗设备部','138119928','myemail28@gmail.com',NULL,'/crm-admin/image/5.jpeg','职员',10,1,2,3,1,6),(29,'李29',NULL,'医疗设备部','138119929','myemail29@gmail.com',NULL,'/crm-admin/image/15.jpeg','职员',71,1,2,2,2,4),(30,'李30',NULL,'医疗设备部','138119930','myemail30@gmail.com',NULL,'/crm-admin/image/7.jpeg','职员',5,1,2,4,1,3),(31,'李31',NULL,'医疗设备部','138119931','myemail31@gmail.com',NULL,'/crm-admin/image/18.jpeg','职员',4,1,2,2,2,5),(32,'李32',NULL,'医疗设备部','138119932','myemail32@gmail.com',NULL,'/crm-admin/image/13.jpeg','职员',42,1,2,1,1,5),(33,'李33',NULL,'医疗设备部','138119933','myemail33@gmail.com',NULL,'/crm-admin/image/7.jpeg','职员',96,1,2,4,1,1),(34,'李34',NULL,'医疗设备部','138119934','myemail34@gmail.com',NULL,'/crm-admin/image/15.jpeg','职员',52,1,2,1,2,4),(35,'李35',NULL,'医疗设备部','138119935','myemail35@gmail.com',NULL,'/crm-admin/image/2.jpeg','职员',58,1,1,1,1,6),(36,'李36',NULL,'医疗设备部','138119936','myemail36@gmail.com',NULL,'/crm-admin/image/12.jpeg','职员',54,1,2,2,1,5),(37,'李37',NULL,'医疗设备部','138119937','myemail37@gmail.com',NULL,'/crm-admin/image/8.jpeg','职员',89,1,1,4,2,3),(38,'李38',NULL,'医疗设备部','138119938','myemail38@gmail.com',NULL,'/crm-admin/image/5.jpeg','职员',59,1,1,1,2,2),(39,'李39',NULL,'医疗设备部','138119939','myemail39@gmail.com',NULL,'/crm-admin/image/14.jpeg','职员',39,1,2,2,2,4),(40,'李40',NULL,'医疗设备部','138119940','myemail40@gmail.com',NULL,'/crm-admin/image/7.jpeg','职员',57,1,2,3,2,6),(41,'李41',NULL,'医疗设备部','138119941','myemail41@gmail.com',NULL,'/crm-admin/image/6.jpeg','职员',60,1,2,4,2,6),(42,'李42',NULL,'医疗设备部','138119942','myemail42@gmail.com',NULL,'/crm-admin/image/5.jpeg','职员',18,1,2,4,1,3),(43,'李43',NULL,'医疗设备部','138119943','myemail43@gmail.com',NULL,'/crm-admin/image/14.jpeg','职员',45,1,2,2,1,3),(44,'李44',NULL,'医疗设备部','138119944','myemail44@gmail.com',NULL,'/crm-admin/image/13.jpeg','职员',31,1,1,1,2,1),(45,'李45',NULL,'医疗设备部','138119945','myemail45@gmail.com',NULL,'/crm-admin/image/4.jpeg','职员',67,1,2,1,2,5),(46,'李46',NULL,'医疗设备部','138119946','myemail46@gmail.com',NULL,'/crm-admin/image/1.jpeg','职员',80,1,2,1,2,5),(47,'李47',NULL,'医疗设备部','138119947','myemail47@gmail.com',NULL,'/crm-admin/image/2.jpeg','职员',19,1,1,3,1,4),(48,'李48',NULL,'医疗设备部','138119948','myemail48@gmail.com',NULL,'/crm-admin/image/11.jpeg','职员',49,1,1,2,2,4),(49,'李49',NULL,'医疗设备部','138119949','myemail49@gmail.com',NULL,'/crm-admin/image/11.jpeg','职员',95,1,1,3,2,1),(50,'李50',NULL,'医疗设备部','138119950','myemail50@gmail.com',NULL,'/crm-admin/image/5.jpeg','职员',10,1,1,4,2,2),(51,'李51',NULL,'医疗设备部','138119951','myemail51@gmail.com',NULL,'/crm-admin/image/15.jpeg','职员',65,1,1,4,1,2),(52,'李52',NULL,'医疗设备部','138119952','myemail52@gmail.com',NULL,'/crm-admin/image/2.jpeg','职员',30,1,2,1,1,2),(53,'李53',NULL,'医疗设备部','138119953','myemail53@gmail.com',NULL,'/crm-admin/image/10.jpeg','职员',52,1,2,1,1,4),(54,'李54',NULL,'医疗设备部','138119954','myemail54@gmail.com',NULL,'/crm-admin/image/2.jpeg','职员',66,1,1,2,1,6),(55,'李55',NULL,'医疗设备部','138119955','myemail55@gmail.com',NULL,'/crm-admin/image/12.jpeg','职员',42,1,2,3,1,3),(56,'李56',NULL,'医疗设备部','138119956','myemail56@gmail.com',NULL,'/crm-admin/image/17.jpeg','职员',35,1,2,1,2,2),(57,'李57',NULL,'医疗设备部','138119957','myemail57@gmail.com',NULL,'/crm-admin/image/10.jpeg','职员',43,1,1,4,2,5),(58,'李58',NULL,'医疗设备部','138119958','myemail58@gmail.com',NULL,'/crm-admin/image/6.jpeg','职员',22,1,2,2,2,3),(59,'李59',NULL,'医疗设备部','138119959','myemail59@gmail.com',NULL,'/crm-admin/image/16.jpeg','职员',77,1,2,2,2,5),(60,'李60',NULL,'医疗设备部','138119960','myemail60@gmail.com',NULL,'/crm-admin/image/1.jpeg','职员',35,1,1,3,2,4),(61,'李61',NULL,'医疗设备部','138119961','myemail61@gmail.com',NULL,'/crm-admin/image/10.jpeg','职员',23,1,2,3,2,5),(62,'李62',NULL,'医疗设备部','138119962','myemail62@gmail.com',NULL,'/crm-admin/image/15.jpeg','职员',55,1,1,1,2,5),(63,'李63',NULL,'医疗设备部','138119963','myemail63@gmail.com',NULL,'/crm-admin/image/9.jpeg','职员',84,1,1,2,1,5),(64,'李64',NULL,'医疗设备部','138119964','myemail64@gmail.com',NULL,'/crm-admin/image/7.jpeg','职员',65,1,2,3,2,6),(65,'李65',NULL,'医疗设备部','138119965','myemail65@gmail.com',NULL,'/crm-admin/image/4.jpeg','职员',58,1,1,4,2,3),(66,'李66',NULL,'医疗设备部','138119966','myemail66@gmail.com',NULL,'/crm-admin/image/15.jpeg','职员',79,1,1,2,1,3),(67,'李67',NULL,'医疗设备部','138119967','myemail67@gmail.com',NULL,'/crm-admin/image/9.jpeg','职员',91,1,1,4,2,1),(68,'李68',NULL,'医疗设备部','138119968','myemail68@gmail.com',NULL,'/crm-admin/image/14.jpeg','职员',1,1,2,2,1,6),(69,'李69',NULL,'医疗设备部','138119969','myemail69@gmail.com',NULL,'/crm-admin/image/3.jpeg','职员',66,1,2,4,2,6),(70,'李70',NULL,'医疗设备部','138119970','myemail70@gmail.com',NULL,'/crm-admin/image/16.jpeg','职员',44,1,2,2,2,2),(71,'李71',NULL,'医疗设备部','138119971','myemail71@gmail.com',NULL,'/crm-admin/image/13.jpeg','职员',66,1,2,1,2,3),(72,'李72',NULL,'医疗设备部','138119972','myemail72@gmail.com',NULL,'/crm-admin/image/14.jpeg','职员',56,1,1,3,1,6),(73,'李73',NULL,'医疗设备部','138119973','myemail73@gmail.com',NULL,'/crm-admin/image/10.jpeg','职员',84,1,2,1,2,5),(74,'李74',NULL,'医疗设备部','138119974','myemail74@gmail.com',NULL,'/crm-admin/image/4.jpeg','职员',79,1,2,1,2,2),(75,'李75',NULL,'医疗设备部','138119975','myemail75@gmail.com',NULL,'/crm-admin/image/15.jpeg','职员',70,1,2,2,1,1),(76,'李76',NULL,'医疗设备部','138119976','myemail76@gmail.com',NULL,'/crm-admin/image/8.jpeg','职员',51,1,2,4,2,1),(77,'李77',NULL,'医疗设备部','138119977','myemail77@gmail.com',NULL,'/crm-admin/image/16.jpeg','职员',74,1,1,3,1,6),(78,'李78',NULL,'医疗设备部','138119978','myemail78@gmail.com',NULL,'/crm-admin/image/3.jpeg','职员',78,1,1,4,2,3),(79,'李79',NULL,'医疗设备部','138119979','myemail79@gmail.com',NULL,'/crm-admin/image/8.jpeg','职员',69,1,2,4,1,4),(80,'李80',NULL,'医疗设备部','138119980','myemail80@gmail.com',NULL,'/crm-admin/image/12.jpeg','职员',62,1,1,1,1,2),(81,'李81',NULL,'医疗设备部','138119981','myemail81@gmail.com',NULL,'/crm-admin/image/12.jpeg','职员',87,1,1,3,2,6),(82,'李82',NULL,'医疗设备部','138119982','myemail82@gmail.com',NULL,'/crm-admin/image/1.jpeg','职员',1,1,1,1,1,3),(83,'李83',NULL,'医疗设备部','138119983','myemail83@gmail.com',NULL,'/crm-admin/image/5.jpeg','职员',20,1,1,4,1,1),(84,'李84',NULL,'医疗设备部','138119984','myemail84@gmail.com',NULL,'/crm-admin/image/16.jpeg','职员',8,1,1,3,1,1),(85,'李85',NULL,'医疗设备部','138119985','myemail85@gmail.com',NULL,'/crm-admin/image/5.jpeg','职员',25,1,2,3,2,6),(86,'李86',NULL,'医疗设备部','138119986','myemail86@gmail.com',NULL,'/crm-admin/image/4.jpeg','职员',70,1,2,3,1,4),(87,'李87',NULL,'医疗设备部','138119987','myemail87@gmail.com',NULL,'/crm-admin/image/17.jpeg','职员',13,1,2,3,2,1),(88,'李88',NULL,'医疗设备部','138119988','myemail88@gmail.com',NULL,'/crm-admin/image/18.jpeg','职员',19,1,1,4,2,2),(89,'李89',NULL,'医疗设备部','138119989','myemail89@gmail.com',NULL,'/crm-admin/image/2.jpeg','职员',79,1,2,4,2,5),(90,'李90',NULL,'医疗设备部','138119990','myemail90@gmail.com',NULL,'/crm-admin/image/8.jpeg','职员',56,1,1,2,2,1),(91,'李91',NULL,'医疗设备部','138119991','myemail91@gmail.com',NULL,'/crm-admin/image/9.jpeg','职员',34,1,1,2,1,4),(92,'李92',NULL,'医疗设备部','138119992','myemail92@gmail.com',NULL,'/crm-admin/image/16.jpeg','职员',75,1,1,4,1,3),(93,'李93',NULL,'医疗设备部','138119993','myemail93@gmail.com',NULL,'/crm-admin/image/4.jpeg','职员',89,1,2,3,1,4),(94,'李94',NULL,'医疗设备部','138119994','myemail94@gmail.com',NULL,'/crm-admin/image/14.jpeg','职员',58,1,1,3,1,2),(95,'李95',NULL,'医疗设备部','138119995','myemail95@gmail.com',NULL,'/crm-admin/image/3.jpeg','职员',80,1,2,2,1,2),(96,'李96',NULL,'医疗设备部','138119996','myemail96@gmail.com',NULL,'/crm-admin/image/6.jpeg','职员',26,1,1,3,1,2),(97,'李97',NULL,'医疗设备部','138119997','myemail97@gmail.com',NULL,'/crm-admin/image/6.jpeg','职员',41,1,1,2,1,5),(98,'李98',NULL,'医疗设备部','138119998','myemail98@gmail.com',NULL,'/crm-admin/image/11.jpeg','职员',77,1,2,2,1,3),(99,'李99',NULL,'医疗设备部','138119999','myemail99@gmail.com',NULL,'/crm-admin/image/1.jpeg','职员',93,1,2,4,1,1);
/*!40000 ALTER TABLE `crmuser` ENABLE KEYS */;
UNLOCK TABLES;

--
-- Table structure for table `crmuser_pl1`
--

DROP TABLE IF EXISTS `crmuser_pl1`;
/*!40101 SET @saved_cs_client     = @@character_set_client */;
/*!40101 SET character_set_client = utf8 */;
CREATE TABLE `crmuser_pl1` (
  `id` mediumint(9) NOT NULL AUTO_INCREMENT,
  `val` varchar(255) DEFAULT NULL,
  PRIMARY KEY (`id`) USING BTREE
) ENGINE=InnoDB AUTO_INCREMENT=3 DEFAULT CHARSET=utf8;
/*!40101 SET character_set_client = @saved_cs_client */;

--
-- Dumping data for table `crmuser_pl1`
--

LOCK TABLES `crmuser_pl1` WRITE;
/*!40000 ALTER TABLE `crmuser_pl1` DISABLE KEYS */;
INSERT INTO `crmuser_pl1` VALUES (1,'有效'),(2,'无效');
/*!40000 ALTER TABLE `crmuser_pl1` ENABLE KEYS */;
UNLOCK TABLES;

--
-- Table structure for table `crmuser_pl2`
--

DROP TABLE IF EXISTS `crmuser_pl2`;
/*!40101 SET @saved_cs_client     = @@character_set_client */;
/*!40101 SET character_set_client = utf8 */;
CREATE TABLE `crmuser_pl2` (
  `id` mediumint(9) NOT NULL AUTO_INCREMENT,
  `val` varchar(255) DEFAULT NULL,
  PRIMARY KEY (`id`) USING BTREE
) ENGINE=InnoDB AUTO_INCREMENT=4 DEFAULT CHARSET=utf8;
/*!40101 SET character_set_client = @saved_cs_client */;

--
-- Dumping data for table `crmuser_pl2`
--

LOCK TABLES `crmuser_pl2` WRITE;
/*!40000 ALTER TABLE `crmuser_pl2` DISABLE KEYS */;
INSERT INTO `crmuser_pl2` VALUES (1,'麻药'),(2,'慢痛'),(3,'全部');
/*!40000 ALTER TABLE `crmuser_pl2` ENABLE KEYS */;
UNLOCK TABLES;

--
-- Table structure for table `dealerAccount`
--

DROP TABLE IF EXISTS `dealerAccount`;
/*!40101 SET @saved_cs_client     = @@character_set_client */;
/*!40101 SET character_set_client = utf8 */;
CREATE TABLE `dealerAccount` (
  `id` mediumint(9) NOT NULL AUTO_INCREMENT,
  `name` varchar(255) NOT NULL,
  `address` varchar(255) DEFAULT NULL,
  `tele` varchar(255) DEFAULT NULL,
  `status` mediumint(9) DEFAULT NULL,
  `pl1` mediumint(9) DEFAULT NULL,
  `pl2` mediumint(9) DEFAULT NULL,
  PRIMARY KEY (`id`) USING BTREE
) ENGINE=InnoDB AUTO_INCREMENT=89 DEFAULT CHARSET=utf8;
/*!40101 SET character_set_client = @saved_cs_client */;

--
-- Dumping data for table `dealerAccount`
--

LOCK TABLES `dealerAccount` WRITE;
/*!40000 ALTER TABLE `dealerAccount` DISABLE KEYS */;
INSERT INTO `dealerAccount` VALUES (1,'经销商0','北京市朝阳区望京东路0号','1381199260',1,1,1),(2,'经销商1','北京市朝阳区望京东路1号','1381199261',2,2,2),(3,'经销商2','北京市朝阳区望京东路2号','1381199262',1,3,3),(4,'经销商3','北京市朝阳区望京东路3号','1381199263',2,1,4),(5,'经销商4','北京市朝阳区望京东路4号','1381199264',1,2,5),(6,'经销商5','北京市朝阳区望京东路5号','1381199265',2,3,6),(7,'经销商6','北京市朝阳区望京东路6号','1381199266',1,1,7),(8,'经销商7','北京市朝阳区望京东路7号','1381199267',2,2,1),(9,'经销商8','北京市朝阳区望京东路8号','1381199268',1,3,2),(10,'经销商9','北京市朝阳区望京东路9号','1381199269',2,1,3),(11,'经销商10','北京市朝阳区望京东路10号','13811992610',1,2,4),(12,'经销商11','北京市朝阳区望京东路11号','13811992611',2,3,5),(13,'经销商12','北京市朝阳区望京东路12号','13811992612',1,1,6),(14,'经销商13','北京市朝阳区望京东路13号','13811992613',2,2,7),(15,'经销商14','北京市朝阳区望京东路14号','13811992614',1,3,1),(16,'经销商15','北京市朝阳区望京东路15号','13811992615',2,1,2),(17,'经销商16','北京市朝阳区望京东路16号','13811992616',1,2,3),(18,'经销商17','北京市朝阳区望京东路17号','13811992617',2,3,4),(19,'经销商18','北京市朝阳区望京东路18号','13811992618',1,1,5),(20,'经销商19','北京市朝阳区望京东路19号','13811992619',2,2,6),(21,'经销商20','北京市朝阳区望京东路20号','13811992620',1,3,7),(22,'经销商21','北京市朝阳区望京东路21号','13811992621',2,1,1),(23,'经销商22','北京市朝阳区望京东路22号','13811992622',1,2,2),(24,'经销商23','北京市朝阳区望京东路23号','13811992623',2,3,3),(25,'经销商24','北京市朝阳区望京东路24号','13811992624',1,1,4),(26,'经销商25','北京市朝阳区望京东路25号','13811992625',2,2,5),(27,'经销商26','北京市朝阳区望京东路26号','13811992626',1,3,6),(28,'经销商27','北京市朝阳区望京东路27号','13811992627',2,1,7),(29,'经销商28','北京市朝阳区望京东路28号','13811992628',1,2,1),(30,'经销商29','北京市朝阳区望京东路29号','13811992629',2,3,2),(31,'经销商30','北京市朝阳区望京东路30号','13811992630',1,1,3),(32,'经销商31','北京市朝阳区望京东路31号','13811992631',2,2,4),(33,'经销商32','北京市朝阳区望京东路32号','13811992632',1,3,5),(34,'经销商33','北京市朝阳区望京东路33号','13811992633',2,1,6),(35,'经销商34','北京市朝阳区望京东路34号','13811992634',1,2,7),(36,'经销商35','北京市朝阳区望京东路35号','13811992635',2,3,1),(37,'经销商36','北京市朝阳区望京东路36号','13811992636',1,1,2),(38,'经销商37','北京市朝阳区望京东路37号','13811992637',2,2,3),(39,'经销商38','北京市朝阳区望京东路38号','13811992638',1,3,4),(40,'经销商39','北京市朝阳区望京东路39号','13811992639',2,1,5),(41,'经销商40','北京市朝阳区望京东路40号','13811992640',1,2,6),(42,'经销商41','北京市朝阳区望京东路41号','13811992641',2,3,7),(43,'经销商42','北京市朝阳区望京东路42号','13811992642',1,1,1),(44,'经销商43','北京市朝阳区望京东路43号','13811992643',2,2,2),(45,'经销商44','北京市朝阳区望京东路44号','13811992644',1,3,3),(46,'经销商45','北京市朝阳区望京东路45号','13811992645',2,1,4),(47,'经销商46','北京市朝阳区望京东路46号','13811992646',1,2,5),(48,'经销商47','北京市朝阳区望京东路47号','13811992647',2,3,6),(49,'经销商48','北京市朝阳区望京东路48号','13811992648',1,1,7),(50,'经销商49','北京市朝阳区望京东路49号','13811992649',2,2,1),(51,'经销商50','北京市朝阳区望京东路50号','13811992650',1,3,2),(52,'经销商51','北京市朝阳区望京东路51号','13811992651',2,1,3),(53,'经销商52','北京市朝阳区望京东路52号','13811992652',1,2,4),(54,'经销商53','北京市朝阳区望京东路53号','13811992653',2,3,5),(55,'经销商54','北京市朝阳区望京东路54号','13811992654',1,1,6),(56,'经销商55','北京市朝阳区望京东路55号','13811992655',2,2,7),(57,'经销商56','北京市朝阳区望京东路56号','13811992656',1,3,1),(58,'经销商57','北京市朝阳区望京东路57号','13811992657',2,1,2),(59,'经销商58','北京市朝阳区望京东路58号','13811992658',1,2,3),(60,'经销商59','北京市朝阳区望京东路59号','13811992659',2,3,4),(61,'经销商60','北京市朝阳区望京东路60号','13811992660',1,1,5),(62,'经销商61','北京市朝阳区望京东路61号','13811992661',2,2,6),(63,'经销商62','北京市朝阳区望京东路62号','13811992662',1,3,7),(64,'经销商63','北京市朝阳区望京东路63号','13811992663',2,1,1),(65,'经销商64','北京市朝阳区望京东路64号','13811992664',1,2,2),(66,'经销商65','北京市朝阳区望京东路65号','13811992665',2,3,3),(67,'经销商66','北京市朝阳区望京东路66号','13811992666',1,1,4),(68,'经销商67','北京市朝阳区望京东路67号','13811992667',2,2,5),(69,'经销商68','北京市朝阳区望京东路68号','13811992668',1,3,6),(70,'经销商69','北京市朝阳区望京东路69号','13811992669',2,1,7),(71,'经销商70','北京市朝阳区望京东路70号','13811992670',1,2,1),(72,'经销商71','北京市朝阳区望京东路71号','13811992671',2,3,2),(73,'经销商72','北京市朝阳区望京东路72号','13811992672',1,1,3),(74,'经销商73','北京市朝阳区望京东路73号','13811992673',2,2,4),(75,'经销商74','北京市朝阳区望京东路74号','13811992674',1,3,5),(76,'经销商75','北京市朝阳区望京东路75号','13811992675',2,1,6),(77,'经销商76','北京市朝阳区望京东路76号','13811992676',1,2,7),(78,'经销商77','北京市朝阳区望京东路77号','13811992677',2,3,1),(79,'经销商78','北京市朝阳区望京东路78号','13811992678',1,1,2),(80,'经销商79','北京市朝阳区望京东路79号','13811992679',2,2,3),(81,'经销商80','北京市朝阳区望京东路80号','13811992680',1,3,4),(82,'经销商81','北京市朝阳区望京东路81号','13811992681',2,1,5),(83,'经销商82','北京市朝阳区望京东路82号','13811992682',1,2,6),(84,'经销商83','北京市朝阳区望京东路83号','13811992683',2,3,7),(85,'经销商84','北京市朝阳区望京东路84号','13811992684',1,1,1),(86,'经销商85','北京市朝阳区望京东路85号','13811992685',2,2,2),(87,'经销商86','北京市朝阳区望京东路86号','13811992686',1,3,3),(88,'经销商87','北京市朝阳区望京东路87号','13811992687',2,1,4);
/*!40000 ALTER TABLE `dealerAccount` ENABLE KEYS */;
UNLOCK TABLES;

--
-- Table structure for table `dealerContact`
--

DROP TABLE IF EXISTS `dealerContact`;
/*!40101 SET @saved_cs_client     = @@character_set_client */;
/*!40101 SET character_set_client = utf8 */;
CREATE TABLE `dealerContact` (
  `id` mediumint(9) NOT NULL AUTO_INCREMENT,
  `name` varchar(255) NOT NULL,
  `sex` mediumint(9) DEFAULT NULL,
  `tel_work` varchar(255) DEFAULT NULL,
  `dealerAccountId` mediumint(9) NOT NULL,
  `status` mediumint(9) DEFAULT NULL,
  `pl1` mediumint(9) DEFAULT NULL,
  PRIMARY KEY (`id`) USING BTREE
) ENGINE=InnoDB AUTO_INCREMENT=81 DEFAULT CHARSET=utf8;
/*!40101 SET character_set_client = @saved_cs_client */;

--
-- Dumping data for table `dealerContact`
--

LOCK TABLES `dealerContact` WRITE;
/*!40000 ALTER TABLE `dealerContact` DISABLE KEYS */;
INSERT INTO `dealerContact` VALUES (1,'张历历0',1,'1381199260',18,1,3),(2,'张历历1',2,'1381199261',19,2,2),(3,'张历历2',1,'1381199262',6,1,1),(4,'张历历3',2,'1381199263',13,2,2),(5,'张历历4',1,'1381199264',44,1,2),(6,'张历历5',2,'1381199265',67,2,2),(7,'张历历6',1,'1381199266',66,1,1),(8,'张历历7',2,'1381199267',24,2,2),(9,'张历历8',1,'1381199268',45,1,1),(10,'张历历9',2,'1381199269',25,2,2),(11,'张历历10',1,'13811992610',12,1,1),(12,'张历历11',2,'13811992611',55,2,3),(13,'张历历12',1,'13811992612',22,1,2),(14,'张历历13',2,'13811992613',60,2,1),(15,'张历历14',1,'13811992614',28,1,1),(16,'张历历15',2,'13811992615',36,2,3),(17,'张历历16',1,'13811992616',44,1,1),(18,'张历历17',2,'13811992617',77,2,2),(19,'张历历18',1,'13811992618',29,1,3),(20,'张历历19',2,'13811992619',1,2,1),(21,'张历历20',1,'13811992620',67,1,3),(22,'张历历21',2,'13811992621',6,2,1),(23,'张历历22',1,'13811992622',19,1,3),(24,'张历历23',2,'13811992623',12,2,1),(25,'张历历24',1,'13811992624',34,1,1),(26,'张历历25',2,'13811992625',3,2,3),(27,'张历历26',1,'13811992626',36,1,1),(28,'张历历27',2,'13811992627',1,2,3),(29,'张历历28',1,'13811992628',80,1,3),(30,'张历历29',2,'13811992629',32,2,3),(31,'张历历30',1,'13811992630',59,1,1),(32,'张历历31',2,'13811992631',55,2,3),(33,'张历历32',1,'13811992632',65,1,3),(34,'张历历33',2,'13811992633',65,2,2),(35,'张历历34',1,'13811992634',65,1,2),(36,'张历历35',2,'13811992635',76,2,2),(37,'张历历36',1,'13811992636',11,1,3),(38,'张历历37',2,'13811992637',1,2,3),(39,'张历历38',1,'13811992638',45,1,2),(40,'张历历39',2,'13811992639',40,2,2),(41,'张历历40',1,'13811992640',27,1,1),(42,'张历历41',2,'13811992641',42,2,1),(43,'张历历42',1,'13811992642',15,1,3),(44,'张历历43',2,'13811992643',17,2,3),(45,'张历历44',1,'13811992644',9,1,3),(46,'张历历45',2,'13811992645',52,2,3),(47,'张历历46',1,'13811992646',58,1,1),(48,'张历历47',2,'13811992647',9,2,3),(49,'张历历48',1,'13811992648',44,1,1),(50,'张历历49',2,'13811992649',30,2,3),(51,'张历历50',1,'13811992650',48,1,1),(52,'张历历51',2,'13811992651',19,2,3),(53,'张历历52',1,'13811992652',16,1,2),(54,'张历历53',2,'13811992653',41,2,2),(55,'张历历54',1,'13811992654',45,1,1),(56,'张历历55',2,'13811992655',17,2,1),(57,'张历历56',1,'13811992656',1,1,3),(58,'张历历57',2,'13811992657',54,2,2),(59,'张历历58',1,'13811992658',46,1,2),(60,'张历历59',2,'13811992659',63,2,1),(61,'张历历60',1,'13811992660',28,1,1),(62,'张历历61',2,'13811992661',48,2,3),(63,'张历历62',1,'13811992662',10,1,2),(64,'张历历63',2,'13811992663',80,2,1),(65,'张历历64',1,'13811992664',59,1,1),(66,'张历历65',2,'13811992665',19,2,1),(67,'张历历66',1,'13811992666',43,1,1),(68,'张历历67',2,'13811992667',32,2,2),(69,'张历历68',1,'13811992668',62,1,1),(70,'张历历69',2,'13811992669',17,2,3),(71,'张历历70',1,'13811992670',54,1,1),(72,'张历历71',2,'13811992671',63,2,1),(73,'张历历72',1,'13811992672',62,1,3),(74,'张历历73',2,'13811992673',5,2,1),(75,'张历历74',1,'13811992674',46,1,3),(76,'张历历75',2,'13811992675',10,2,3),(77,'张历历76',1,'13811992676',48,1,3),(78,'张历历77',2,'13811992677',63,2,1),(79,'张历历78',1,'13811992678',46,1,1),(80,'张历历79',2,'13811992679',70,2,3);
/*!40000 ALTER TABLE `dealerContact` ENABLE KEYS */;
UNLOCK TABLES;

--
-- Table structure for table `province`
--

DROP TABLE IF EXISTS `province`;
/*!40101 SET @saved_cs_client     = @@character_set_client */;
/*!40101 SET character_set_client = utf8 */;
CREATE TABLE `province` (
  `id` mediumint(9) NOT NULL AUTO_INCREMENT,
  `name` varchar(255) NOT NULL,
  PRIMARY KEY (`id`) USING BTREE
) ENGINE=InnoDB AUTO_INCREMENT=22 DEFAULT CHARSET=utf8;
/*!40101 SET character_set_client = @saved_cs_client */;

--
-- Dumping data for table `province`
--

LOCK TABLES `province` WRITE;
/*!40000 ALTER TABLE `province` DISABLE KEYS */;
INSERT INTO `province` VALUES (1,'北京'),(2,'天津市'),(3,'河北省'),(4,'山西省'),(5,'内蒙古'),(6,'辽宁省'),(7,'吉林省'),(8,'湖南省'),(9,'海南省'),(10,'重庆市'),(11,'四川省'),(12,'贵州省'),(13,'云南省'),(14,'西藏'),(15,'甘肃省'),(16,'青海省'),(17,'宁夏'),(18,'新疆'),(19,'广西'),(20,'湖北省'),(21,'河南省');
/*!40000 ALTER TABLE `province` ENABLE KEYS */;
UNLOCK TABLES;

--
-- Table structure for table `region_level1_pl`
--

DROP TABLE IF EXISTS `region_level1_pl`;
/*!40101 SET @saved_cs_client     = @@character_set_client */;
/*!40101 SET character_set_client = utf8 */;
CREATE TABLE `region_level1_pl` (
  `id` mediumint(9) NOT NULL AUTO_INCREMENT,
  `val` varchar(255) DEFAULT NULL,
  PRIMARY KEY (`id`) USING BTREE
) ENGINE=InnoDB AUTO_INCREMENT=4 DEFAULT CHARSET=utf8;
/*!40101 SET character_set_client = @saved_cs_client */;

--
-- Dumping data for table `region_level1_pl`
--

LOCK TABLES `region_level1_pl` WRITE;
/*!40000 ALTER TABLE `region_level1_pl` DISABLE KEYS */;
INSERT INTO `region_level1_pl` VALUES (1,'北中国'),(2,'南中国'),(3,'东中国');
/*!40000 ALTER TABLE `region_level1_pl` ENABLE KEYS */;
UNLOCK TABLES;

--
-- Table structure for table `region_level2_pl`
--

DROP TABLE IF EXISTS `region_level2_pl`;
/*!40101 SET @saved_cs_client     = @@character_set_client */;
/*!40101 SET character_set_client = utf8 */;
CREATE TABLE `region_level2_pl` (
  `id` mediumint(9) NOT NULL AUTO_INCREMENT,
  `val` varchar(255) DEFAULT NULL,
  PRIMARY KEY (`id`) USING BTREE
) ENGINE=InnoDB AUTO_INCREMENT=8 DEFAULT CHARSET=utf8;
/*!40101 SET character_set_client = @saved_cs_client */;

--
-- Dumping data for table `region_level2_pl`
--

LOCK TABLES `region_level2_pl` WRITE;
/*!40000 ALTER TABLE `region_level2_pl` DISABLE KEYS */;
INSERT INTO `region_level2_pl` VALUES (1,'华北'),(2,'西北'),(3,'东北'),(4,'西南'),(5,'华南'),(6,'华中'),(7,'华东');
/*!40000 ALTER TABLE `region_level2_pl` ENABLE KEYS */;
UNLOCK TABLES;

--
-- Table structure for table `role`
--

DROP TABLE IF EXISTS `role`;
/*!40101 SET @saved_cs_client     = @@character_set_client */;
/*!40101 SET character_set_client = utf8 */;
CREATE TABLE `role` (
  `id` mediumint(9) NOT NULL AUTO_INCREMENT,
  `val` varchar(255) DEFAULT NULL,
  PRIMARY KEY (`id`) USING BTREE
) ENGINE=InnoDB AUTO_INCREMENT=6 DEFAULT CHARSET=utf8;
/*!40101 SET character_set_client = @saved_cs_client */;

--
-- Dumping data for table `role`
--

LOCK TABLES `role` WRITE;
/*!40000 ALTER TABLE `role` DISABLE KEYS */;
INSERT INTO `role` VALUES (1,'MCPC销售代表'),(2,'主管'),(3,'区域经理'),(4,'服务经理'),(5,'高级用户');
/*!40000 ALTER TABLE `role` ENABLE KEYS */;
UNLOCK TABLES;

--
-- Table structure for table `sex_pl`
--

DROP TABLE IF EXISTS `sex_pl`;
/*!40101 SET @saved_cs_client     = @@character_set_client */;
/*!40101 SET character_set_client = utf8 */;
CREATE TABLE `sex_pl` (
  `id` mediumint(9) NOT NULL AUTO_INCREMENT,
  `val` varchar(255) DEFAULT NULL,
  PRIMARY KEY (`id`) USING BTREE
) ENGINE=InnoDB AUTO_INCREMENT=3 DEFAULT CHARSET=utf8;
/*!40101 SET character_set_client = @saved_cs_client */;

--
-- Dumping data for table `sex_pl`
--

LOCK TABLES `sex_pl` WRITE;
/*!40000 ALTER TABLE `sex_pl` DISABLE KEYS */;
INSERT INTO `sex_pl` VALUES (1,'男'),(2,'女');
/*!40000 ALTER TABLE `sex_pl` ENABLE KEYS */;
UNLOCK TABLES;
/*!40103 SET TIME_ZONE=@OLD_TIME_ZONE */;

/*!40101 SET SQL_MODE=@OLD_SQL_MODE */;
/*!40014 SET FOREIGN_KEY_CHECKS=@OLD_FOREIGN_KEY_CHECKS */;
/*!40014 SET UNIQUE_CHECKS=@OLD_UNIQUE_CHECKS */;
/*!40101 SET CHARACTER_SET_CLIENT=@OLD_CHARACTER_SET_CLIENT */;
/*!40101 SET CHARACTER_SET_RESULTS=@OLD_CHARACTER_SET_RESULTS */;
/*!40101 SET COLLATION_CONNECTION=@OLD_COLLATION_CONNECTION */;
/*!40111 SET SQL_NOTES=@OLD_SQL_NOTES */;

-- Dump completed on 2013-05-19 14:43:12
